expected_value,final_value,price_reduction_percent,number_of_bidders,supplier_previous_wins,buyer_previous_tenders,contract_days,risk_score,risk_label,region_Aktobe,region_Almaty,region_Astana,region_Atyrau,region_Karaganda,region_Kostanay,region_Pavlodar,region_Shymkent,procedure_type_direct_award,procedure_type_limited_tender,procedure_type_negotiation,procedure_type_open_tender
633802.9766761241,488874.6219607314,11.146789173077332,3.751153592225202,10.938717489683096,20.56677437315075,66.79969325952939,0.0688016414723277,0.0,3.87430194914341e-07,0.9999994139535462,0.0,0.0,0.0,0.0,0.0,0.0,0.0,0.0,0.0009289980027592182,1.00000001
875534.862408563,951207.7246088217,1.752349663372772,2.317954065298319,11.893088048399429,22.939775472525124,88.87078345226396,11.630831362185289,1.603364960491657e-05,0.006420821015670001,0.00030621886559575797,0.0005282461696043611,0.00014510750915676355,0.7997010430197459,0.00033622980454027653,0.6397039954259706,0.0006915330955994129,1.2665987141430377e-05,0.025427252308486997,0.016842961479769943,0.9866734245739179
2661873.1515630884,2054520.6325494666,14.512384228840823,7.744402954676517,10.897645538274224,16.77034950624171,43.45055997543215,1.4682842792807866,0.0,0.002018868943375945,0.0,0.0,0.885451921734463,0.0,0.10127344828789621,0.0,1.0132789713144302e-06,0.0,0.0,0.017500698741443752,1.00000001
790695.9973193932,590752.4046595606,5.506622983885492,2.7173576081490927,12.297828203335357,20.144624714815706,96.6292938634475,5.692922920658387,0.0,0.9999685387472438,1.9669532972574233e-06,4.768371629714966e-07,2.8908253005146977e-06,8.642673578858375e-07,2.771616009771824e-06,5.364418083429337e-07,3.927946129977703e-05,0.0,0.9991051058543932,0.00029930472673267124,0.00031208992316484447
1415557.1318347072,826923.8017962344,12.793138079196885,5.6464815206148815,12.069678789164215,22.51108933042339,78.73809695596339,0.06041422487015992,0.0,0.9623845911897027,2.9802322685718535e-08,0.0,0.0,0.0,0.0,0.37660274286171525,1.4901161342859267e-07,0.0,0.0,0.038477540400949715,1.00000001
271292.3635645787,231026.410109084,0.39747593416290794,4.070336048220881,8.190975401725705,17.761843685323527,117.6698681767366,27.958013120602562,0.0,0.0,0.0,0.0,1.00000001,0.0,0.0,0.0,0.0,0.026902735502334234,4.768371629714966e-07,0.00026682019500523806,0.9869946340078246
159204.9949204638,300547.04042733426,3.4112524282535857,2.8474390235113147,16.61021912888894,19.25999260394355,93.2826989931854,0.19395172598259566,0.0,0.0,0.0,1.00000001,0.0,0.0,0.0,0.0,0.0,0.0,8.94069680571556e-08,0.00013929605623304843,1.00000001
530448.338216016,455688.84065170726,10.991629794973155,7.269268164054059,14.522266216040885,21.186874394706837,40.66998317994997,0.05258157849930435,0.0,0.0,0.0,0.005243510060293376,0.0,0.0,0.9984167318049985,0.0,0.0,0.0,0.0,0.0002779960660123825,1.00000001
2648525.454877231,2298601.590545129,0.6032150747429735,1.183291703724446,12.877574449949318,23.07973862259328,87.28842944303135,46.79001033856592,7.450580671429634e-07,0.9999685387472438,0.0,3.436207805663347e-05,1.4185905598402022e-05,0.0,0.0,0.0,7.301569058001041e-06,0.4589652763010022,0.09098261685754955,0.011148452870273589,0.02572119261713624
1299640.2951463936,949428.4206306878,9.035078576279322,6.418179758182761,10.275027399187609,24.32735825188941,83.11745673793007,0.18868774177863776,1.2516975528001785e-06,0.9994194011494367,6.973743508458137e-06,0.0013882815976688264,1.1056661716401577e-05,0.00016665458845853805,1.3202428949773311e-05,1.4573335793316363e-05,3.466010128349066e-05,0.0,0.0,0.011707335827598869,1.00000001
305053.3295397179,186346.93967211098,5.163965536908463,7.530492851526693,12.599277025500388,23.538127904963087,33.41909155369694,0.08604258299886167,0.0,0.0,0.0,0.0,0.0,0.0,1.00000001,0.0,0.0,0.0,0.0,0.00016474723980665205,1.00000001
209810.29045475394,160345.38679738605,1.2365872864132494,3.4786655044202384,13.371797210385163,17.88702869818003,77.92015239944675,5.197406709805643,0.0,0.0,0.0,0.0,0.0,0.0,0.9999999503953546,0.0,0.0,6.258487764000893e-07,0.0,0.0008030533870893716,0.9999997715814185
58105.10043168075,43451.4173887623,0.022640347488422693,1.0,10.115114276457499,24.68417931218158,15.729203373487547,82.43100346104511,1.00000001,0.0,0.9999965529305684,2.9802322685718535e-08,0.0,0.0,9.924173454344272e-06,0.0,4.082918207943439e-06,1.00000001,0.0,0.0,0.0
60758.09118924625,122789.20853787502,9.234594157477707,6.6436242541827735,17.626264580537015,19.74874592288291,111.01702154200746,0.0585472583839631,0.0,0.0,0.0,0.9999871353965997,4.202127498686313e-06,2.115964910686016e-06,0.0,0.0,0.0,0.0,0.0,0.00011092424503624438,1.00000001
755867.7597743905,758702.4505269015,11.123389295521209,2.1448369936608565,13.491534597145671,19.788350109907004,47.30227470589243,0.20363107326042204,0.0,2.9802322685718535e-07,0.0024873316536727546,0.9915181497543537,5.066394856572151e-07,1.0430812940001488e-06,0.04532751486329406,1.1920929074287414e-07,3.176927598297596e-05,0.0,0.00011897087216138839,9.977817635178565e-05,0.9999431471683156
1368346.5314141999,1696056.9386356384,0.2549877406028071,1.2399387363046837,10.2521238375846,21.554901128220283,87.99082488221532,41.5089650500971,5.927681982189417e-05,0.051796168606874644,0.20262953841659992,0.8102109513241553,0.010268747909236549,0.038426101591994166,0.0954897413266015,0.01185879123148769,0.10728931534291267,5.3405762252807614e-05,0.9999808173041903,0.0014292299890390039,6.407499377429485e-06
1445910.3576445724,1181285.1488466319,16.61518865192977,4.430747335089819,14.466927416061072,14.99888897254604,155.23004353791188,27.23553508840544,0.0,0.011257886999175548,0.8951421469557242,0.0,0.01597067729708165,0.0,0.0,0.0,0.0,0.05487829501670897,4.0739775111377234e-05,0.00037619471926182506,0.9375503156956935
705058.0296474444,445066.3143066909,14.503683595788871,6.757456966518853,14.799785084619387,25.21873856222656,68.5472843080981,0.03401830792827278,0.0,0.9999955992562425,0.0,0.0,0.0,1.952052135914564e-05,0.0,0.0,5.960464537143707e-08,0.0,0.0,0.005811542330683171,1.00000001
77198.39686792502,37405.88100174372,4.072628451769565,6.198626168048252,10.107061480328252,14.767443659973713,60.56983903309755,0.13839110733706683,0.0,0.0,0.0,0.0,0.999654362661491,0.0,0.0003487467800682783,0.0,0.0,0.0,0.0,2.6166439318060872e-05,1.00000001
37152.88415793185,51641.87529493816,0.0334599018209964,1.0000458955765426,14.123504168560196,20.208424572928905,32.35709503407689,69.75791335926577,0.996381888816663,0.0,1.00000001,0.0,0.0,0.0,0.0,0.0,0.0,1.00000001,0.0,0.0,0.0
707062.6813458942,590939.5536193058,12.103775886810062,2.892680588088198,8.407561008165436,20.30371094228241,67.08428591782533,3.372883946100316,0.0,0.00614559656566739,3.740191497057676e-05,5.8710575690865515e-05,0.8836318342834008,0.0001370310797089338,0.17824477135565936,0.00017139315776556728,0.0027608573712822795,0.0,0.9990310768848418,0.00012153387191236019,0.00048807263862401244
328405.46257210185,268428.5984545933,5.098855902487053,2.061883033838906,8.304190192600693,19.979486470135193,78.07095378986396,46.85726672962227,0.02884426741834074,0.0,0.998684654685943,0.0,0.0,0.0,8.910894483029842e-06,0.009530186748439072,1.788139361143112e-07,0.9225046130878084,0.0,0.0004957616378769279,0.057792157512659724
266406.61906534474,183816.78295659513,25.986655244069805,2.6155622624588553,13.159884816714305,18.468217853940263,117.92341024237003,0.43387845163681416,0.0,0.3018455237532422,0.0,0.0,0.0,0.0,0.4265311403012305,1.5527010119259355e-05,0.0,0.0,1.00000001,1.281499875485897e-06,0.0
53565.04979696519,42649.176810856516,2.8663165102151766,1.056637644848672,17.346341200982483,25.598051077603884,49.681419583209795,71.26781047228978,0.9999998311860638,0.0,4.172325176000595e-07,0.9999983410699296,0.0,2.0861625880002974e-07,0.0,0.0,0.0,0.9999988775117379,0.0,0.0,5.364418083429337e-07
138209.1709031584,143564.47914528212,5.968374039758958,6.84184808373536,7.590196881332352,20.589903836353777,107.47544661664158,0.20463421943210988,0.0,0.0,0.0,0.0,1.00000001,0.0,0.0,0.0,0.0,0.0,6.556510990858077e-07,3.5613775609433645e-05,0.9999998311860638
1643462.3811336807,1099085.9577397087,5.385205795200064,3.909856114968171,12.866988843846102,21.606441502992247,117.72604168013837,0.5068294704556688,0.0,1.00000001,0.0,0.0,0.0,0.0,0.0,0.0,0.0,0.0,5.48362737417221e-06,0.008752167312405705,0.9999991755349648
482118.0996618016,410335.5992381377,4.9275708453613145,2.9218301204479555,14.284628934509877,21.173864369678356,128.23635638366503,8.47112611035825,0.0,0.36353233820143965,3.2782554954290385e-07,0.7573942021769082,5.960464537143707e-08,1.4901161342859267e-07,5.960464537143707e-08,0.0,7.718801575601101e-06,0.0,0.9999871950012451,3.3706426957547664e-05,4.7683716297149655e-06
1005407.1088243489,745535.8788608224,13.026095037092665,6.0199133825489595,9.284186129222677,23.309387212752934,75.18032551146025,0.02578794956510663,4.768371629714966e-07,0.9507556056684445,9.906292060732841e-05,0.0008038282474792004,3.358721766680479e-05,3.379583392560482e-05,0.20200282537284195,3.933906594514847e-06,3.144145043343305e-05,0.0,0.0,0.0022496283279314637,1.00000001
182077.62913160468,107493.68724901753,11.92948799536324,1.500014574049954,13.464703208659383,21.594163899838996,87.99814731282636,4.800518006651116,0.0,0.012656480200493633,5.960464537143707e-08,3.576278722286224e-07,0.0,0.9945158461840193,1.1920929074287414e-07,0.00011610984918355942,1.0490417585372923e-05,0.0,1.00000001,1.8179416838288305e-06,0.0
82894.61178052316,71175.67817401717,7.952401545350197,4.443601851614377,13.631911224657738,23.44218445400537,67.86407828627733,5.933270157081545,0.0027868747989869117,2.384185814857483e-07,0.0,0.01005309830228269,0.0,0.9981741408983367,0.0,0.0,0.0,2.7388334548175332e-05,0.0,0.00011378526801407336,0.9998936753126573
360637.9212282222,223321.01175163544,2.4345849760651097,1.3735430543990657,10.53538924957328,22.778095250916984,68.59691411557287,59.5009869407083,0.9996989469362288,0.42166763965750276,0.0,2.0861625880002974e-07,5.960464537143707e-08,0.00023624301192969082,0.7084677886284094,0.00020101666651517152,5.2571297217607495e-05,0.9975612263299822,0.0,0.00014489889289796351,0.0012046098829567432
182917.54408976343,268659.49652181135,0.7137915375259969,1.1008768083106135,13.552901572482359,16.04021644937292,114.60090965568993,33.992965821450646,0.0,0.0,0.0,0.0,0.0,0.0,0.0,1.00000001,0.0,0.3522177373821932,0.0,0.0005578696783539652,0.7813925821242285
103965.91073859944,63066.468610290976,11.009083990001635,7.04429263739981,11.675740784006075,16.605571750452913,90.60207337554381,0.031378716234084066,0.0,0.0,0.0,0.0,0.0,0.0,0.0,1.00000001,0.0,0.0,0.0,0.0004775226163932681,1.00000001
1886871.8604878958,1561881.2037373737,14.644475417316233,1.92324876917171,10.782474344142843,19.21947861162132,119.12106931769159,1.8859857323004328,5.364418083429337e-07,0.07272553516634225,0.015125930460554956,0.00346806648861438,0.9217152091645091,1.5437603151202202e-05,4.822015810549259e-05,1.218914997845888e-05,0.0029107928567141295,1.6093254250288008e-06,0.9274904224638384,0.000939399013376534,0.043913633070438204
3649073.07722602,2140521.829424868,21.777224929537347,4.428540592323147,16.541628607043837,22.523067479841192,94.54775929884568,0.008336752654102742,0.0,1.00000001,0.0,0.0,0.0,0.0,0.0,0.0,0.0,0.0,0.0,0.0034191012724417444,1.00000001
187322.11254684834,256422.24617439252,7.37674920808144,4.285913203880487,14.149582035126874,14.103106501562984,144.7375235030606,0.05623191595739066,0.0,0.0,0.0,0.00012013316274613141,9.834766486287117e-07,0.0,0.0,0.9999562601902973,0.0,0.0,0.0,0.008531093682723045,1.00000001
679059.9874568759,424096.77682919573,5.984448554153427,1.2516341809052842,12.566301053785924,20.28109741688472,56.81135162951202,6.711696387126891,0.0,5.960464537143707e-08,0.9999969105584406,5.066394856572151e-07,0.0,0.0,2.9802322685718535e-07,0.0,2.6345253254175185e-05,0.0,1.00000001,1.6391277477145194e-06,0.0
118893.73587580578,83863.44016386522,0.0750426292672956,1.0,12.62170118694524,26.015384680639574,43.33104744724495,80.71285725589455,1.00000001,0.9999965529305684,0.0,2.9802322685718535e-08,8.94069680571556e-08,1.4901161342859267e-07,0.0,0.0,1.7553568061888218e-05,1.00000001,0.0,0.0,0.0
803214.4014461638,840153.7402251216,7.021483209121086,2.5717411659759657,12.007289176936629,24.480411535628644,135.9953898256065,0.5650398135849994,2.1994114142060278e-05,0.019393742278440592,0.27951169293488737,0.9055459589913726,0.0015565157092297076,0.005436658913619518,0.00045591593244612215,0.00035628676770776507,0.00627020007681638,0.0,2.0265579426288605e-06,0.0019279420568618178,0.9999991755349648
475110.67071645334,484356.6585763081,7.766295507193757,3.72988933714798,9.410168235014632,21.190601353936515,81.63438558945847,0.061538964517203865,2.0056963167488575e-05,0.000165283681614995,9.787082769989966e-05,9.331107232898474e-05,0.0003360211882814765,0.0001641809956756234,0.00011348724478721618,0.9987279276584827,7.30156905800104e-05,0.0,0.0,0.0036797821889737246,1.00000001
69601.33159517178,62613.005639183015,1.7223301416493733,6.611869939237965,15.226248450377273,16.359615329477613,107.85423130298798,0.07428854704777181,0.0,0.0,0.0,0.0,0.0,0.0,0.0,1.00000001,0.0,0.0,0.0,0.0010457337007191776,1.00000001
155982.3081284871,124223.55427573642,18.81311693827107,5.305247909020532,11.040456717503302,22.774074559997757,39.29788172395271,0.01713454723559737,0.0,2.464652086108923e-05,0.0,0.0,0.0,0.0847473749052435,0.9517243003650212,0.0,2.0861625880002974e-07,0.0,0.0,0.0018744766899636387,1.00000001
493314.85371462896,359931.76641741936,9.234206012030798,1.3493091469032794,12.207404321284699,15.90582275731432,142.8327733346394,11.201581062204216,0.0,1.1920929074287414e-07,2.9802322685718535e-08,2.4735927829146382e-06,4.8488379009664054e-05,0.0,0.0,0.9999147753571188,3.534555470526218e-05,0.0,1.00000001,4.172325176000595e-07,0.0
1060314.8486983352,746928.3851744735,15.493166022766527,2.246041120878722,12.742739087450722,24.755359655831754,66.02686882306361,0.003592073917811513,0.0,0.9999836783271682,0.0,2.9802322685718535e-08,0.0,0.0,1.728534715771675e-06,4.044175188452005e-05,7.74860389828682e-07,0.0,0.0,0.008855998604642748,1.00000001
313942.60034161975,312474.05404834804,20.834223801975725,2.4016544540878586,10.05310580613111,21.969432836113494,55.47741979593798,0.00860780477625072,0.0,0.0067328513341894745,6.258487764000893e-07,4.47034840285778e-07,5.066394856572151e-07,0.9969086746724557,4.6670437325835226e-05,3.2782554954290385e-07,2.3543834921717644e-06,0.0,0.0,0.0076823533349564665,1.00000001
52399.75398303873,45149.993847154445,0.20519750125187966,1.0206711590585371,9.759193454859714,18.91161537605148,106.11565962926716,34.809909318012444,0.0,0.0,0.0,0.0,1.00000001,0.0,0.0,0.0,0.0,0.0,1.00000001,0.0,0.0
119647.1807783653,83827.85061215116,1.0544262174353878,4.247163359989299,5.926403584918197,19.623390202323716,77.70585507501674,38.911822144794684,0.0007213950229305029,0.0,0.0,0.0,1.00000001,0.0,0.0,0.0,0.0,0.3717594183904457,0.0,8.13603409320116e-06,0.678609795203914
40766.73613676791,36742.179264168786,10.313227418569038,6.822311171266196,8.694034520951387,24.08437348008496,37.03154876966817,0.04027023911949903,0.0,0.0,0.0,0.0,0.0,1.00000001,5.960464537143707e-08,0.0,0.0,0.0,0.0,0.0012928843627518414,1.00000001
1118700.7720156487,988061.139427657,1.4491083865292977,5.033799356024259,11.131397550638344,24.081573492291117,76.58143192871123,19.860080184888815,3.337860140800476e-06,0.9999389152384942,0.0,0.0,0.0,0.0,1.4901161342859267e-07,0.0004689097451370954,1.4901161342859268e-06,9.432435130029917e-05,0.0,0.023207813733436167,0.9998452167359703
1039896.5477463357,947140.967297105,15.050719027835559,7.7487008668034765,10.181772177299482,19.108829502700026,102.34055728193802,0.16079723836883186,0.0,5.960464537143707e-08,0.0,0.0,0.9999999503953546,0.0,0.0,0.0,0.0,0.0,0.0,0.0007448196485614776,1.00000001
831664.1678855754,1096847.9825633867,0.015149140363089146,1.0002426207069048,11.883843010362495,23.028203969867214,56.33108735322129,57.10305214600023,0.018038243235726056,5.960464537143707e-08,8.744001475989818e-05,1.4305114889144896e-05,7.450580671429634e-07,5.960464537143707e-08,0.9997733931382977,5.960464537143707e-08,0.00014886260181516407,0.9981681208291542,0.9618134594777535,0.00010249018771618604,0.0
22795.12777089359,14160.5218978113,7.165595438517001,7.244557985643515,15.607978649419218,16.318420413693257,43.81165459925476,0.00337421894113183,0.0,0.0,0.0,0.0,0.0,0.0,1.00000001,0.0,0.0,0.0,0.0,1.0907650102972984e-05,1.00000001
280066.46519760054,201021.4666854504,17.211018377396567,1.9592730416650372,14.362330562755037,17.946485523454957,53.1082299373799,1.1069363356938875,0.0,0.0,0.0,0.0,0.0,0.0,0.9999998907907092,0.0,0.0,0.0,0.9999972681863128,1.668930070400238e-06,6.854534217715263e-07
15761.42236468435,13141.098250665073,2.394740081642469,1.6223469385454696,10.27676350367681,23.50813675505137,40.477042944802136,25.616989138755947,0.0001715719717016816,0.0,0.0,0.0,0.0,1.00000001,0.0,0.0,0.0,0.021694272973519266,0.0,5.513429696857929e-06,0.9224184843752468
237653.64835770047,234632.76014691926,7.444975474011777,7.725764761042561,7.230362001524237,22.854160314417317,126.81657195690308,0.3859224915958482,0.0,0.0,0.0,0.0,0.9999996523721277,0.0,0.0,0.0,0.0,0.0,0.0,0.0008845329373121261,1.00000001
957338.3303735951,735829.6532667661,4.791710235307176,2.375557394800699,11.7905489858506,21.11012459304711,38.92704710512686,11.188129783992947,0.0,0.0,0.26999748023140785,0.0,4.351139112114906e-06,0.0,0.9644082881093538,0.0,1.0132789713144301e-05,0.0,0.9973983864388275,0.00015494227564305066,0.0019350350096610188
213600.43698660049,151421.43691076184,0.18385126596939952,1.0041529238283358,11.156685596056727,18.49410820429015,63.93948793687868,50.81534714104526,0.0,1.4305114889144897e-06,0.999886403545922,8.016824802458286e-06,4.023313562572002e-06,4.768371629714966e-07,0.00016391277477145194,1.3709068435430525e-06,0.0013282597197797894,0.0,1.00000001,0.0,0.0
78522.84231004487,44310.08042670256,5.890762593352123,1.3769284790178546,11.842015033638933,20.031439785886292,54.59277719487943,12.568015606689848,0.0,2.6822090417146682e-05,8.94069680571556e-08,0.0,0.0,0.9999617438176714,3.5464763996005056e-06,0.0,7.539987639486789e-06,0.0,1.00000001,5.960464537143707e-08,0.0
452041.98801718664,383216.7080471606,1.0550684217202726,1.6493329117037567,11.70113021692527,20.10354423994935,88.03101689023588,21.85263246554926,0.0,1.4901161342859267e-07,0.9999927382332646,3.635883367657661e-06,5.960464537143707e-08,0.0,2.9802322685718535e-07,2.9802322685718535e-08,1.7195940189659593e-05,0.0,1.00000001,4.6193600162863725e-06,0.0
563131.5965800985,625381.5593000518,1.1129709009115873,2.810551288330215,11.494797890891652,22.32257462089182,93.13102588483831,23.73883605282637,0.08184599958249807,1.7225742512345312e-05,0.9997522334891908,0.00020399689878374336,2.0265579426288605e-06,4.601478622674942e-05,1.9967556199431417e-06,2.9802322685718535e-07,4.7266483779549594e-05,0.003628283775372803,0.0,0.001860559005269408,0.9897568324836278
156643.13316545865,96594.95126118616,12.063916878007534,7.926653037429704,9.750921611660813,18.99945641001448,73.746686581066,0.15222743155362992,0.0,0.0,0.0,0.0,0.00013849139352053403,0.0,0.0,0.9999787907462477,0.0,0.0,0.0,0.0011446476097130775,1.00000001
231179.01658683096,258450.3297993861,1.2445954327019657,3.3357089195240133,10.618779843141736,21.135599141394913,44.899384232165005,13.066176475631588,0.0,0.0,0.9922643403097587,0.0,0.0,0.026406854655166564,0.0,0.0,2.6822090417146684e-07,2.9802322685718535e-08,0.995535264433807,0.0002911686926394701,0.001210868370720744
38186.98402543191,27636.635860018163,16.056019263923478,4.2685292111836866,10.307152842423045,21.286893849694145,46.21287137455681,0.04015877843375593,0.0,0.0,0.0,0.0,0.0,0.9999998907907092,3.2782554954290385e-07,0.0,0.0,0.0,2.5331974282860754e-06,0.00017279386693179607,0.9999979834420573
407995.18529906694,276382.0820286243,14.779169826732161,7.279248365789508,12.788543707261658,22.53288078856008,60.54153144618776,0.11163040996911137,0.0,0.9960906605193781,0.0,0.0,5.960464537143707e-08,0.03953281084492832,1.0430812940001487e-05,4.202127498686313e-06,1.847744006514549e-06,0.0,0.0,0.025537133472229242,1.00000001
179847.48440023448,136690.66104495726,4.846707798687878,7.202636131564461,12.777578836803556,19.626461033623503,62.28771031171005,0.06503731013109505,0.0,0.0,1.00000001,0.0,0.0,0.0,0.0,0.0,0.0,0.0,0.0,4.5806169967949384e-05,1.00000001
1302640.843347262,658368.2127270465,16.231870322942846,5.390669173314163,12.676228886918564,22.15600967943352,56.643882992275415,0.0005649030209252237,0.0,1.00000001,0.0,0.0,0.0,0.0,0.0,0.0,0.0,0.0,0.0,0.004159599584213793,1.00000001
1438850.9348511375,796331.5439655341,17.685557943596923,3.6272860206943363,14.783326513654364,20.60494232665389,143.73142153710475,0.24852439764085618,0.0,0.9999993543489009,0.0,0.0,0.0,0.0,0.0,1.096725474834442e-05,0.0,0.0,0.0009219050499600171,0.004149377387532591,0.9991999368451792
733122.2216363502,420170.2944335033,5.153182150674351,2.6182744824162674,14.33630777088016,19.755896572909556,81.04984641439492,2.501552701290699,0.0,1.00000001,0.0,0.0,0.0,0.0,0.0,0.0,0.0,0.0,0.9997265438870357,3.29613688904047e-05,0.0001268386853504181
116785.09648118274,82337.2560218246,17.20681934938001,7.1540172784028115,15.388664968189142,17.817764286232112,60.243537577583076,0.006454586983486414,0.0,0.0,0.0,0.0,0.0,0.0,1.00000001,0.0,0.0,0.0,0.0,7.721781807869672e-05,1.00000001
16289.374234323506,13198.041533407573,0.25229277619302215,1.0,10.587869172369723,22.919836049911474,31.098049582132823,82.7889138557558,1.00000001,0.0,1.00000001,0.0,0.0,0.0,0.0,0.0,0.0,1.00000001,0.0,0.0,0.0
523955.2570151802,361868.87967608037,2.154669476283349,6.829071172458409,11.894885486068132,21.743110661970505,76.20027035814266,2.3332217338445953,0.0,0.0,0.0,0.0,0.0,0.0,0.9999998907907092,0.0,0.0,0.0,0.0,0.004754424142698049,1.00000001
105289.23803344861,157046.84297998511,0.4950415851358107,1.8000717174515533,9.965901290155594,22.494094854099718,70.93588441922827,56.932223445914516,0.05473440940278232,0.0,0.9842971661768949,0.0,4.082918207943439e-06,0.13312000169359622,0.0,0.0,1.4901161342859267e-07,0.977845320943309,0.0,0.0003739297427377105,0.014982432276823221
51592.078937851256,40895.740360553915,1.9063904768708577,1.0006594359884147,14.77531815278782,22.280965810454013,39.937205465183084,76.00837529599812,0.9999721150259661,5.730986652463674e-05,0.9999542336323547,0.0,0.0,0.0,0.0,0.0,0.0,1.00000001,0.0,0.0,0.0
78529.17847791205,70012.50745946,1.2217389587715144,7.175659546137739,6.937523606742914,22.79088593085262,65.58904558705254,25.141867700196787,1.2785196432173252e-05,0.0,0.0,0.0,0.9999986986978018,4.6193600162863725e-06,0.0,0.0,0.0,0.0015055239351144433,0.0,5.0574541597664354e-05,0.9976587991344552
797240.6996525587,581065.2758981315,7.106770231740536,6.430110939153786,9.995445107212968,22.17344666064014,89.54624280741449,30.281669501052477,0.9595145679104227,0.11667987820956915,4.190206569612026e-05,0.00018110871496111153,0.053695828259507715,0.0232588651121968,4.625320480823516e-05,0.8180597506313115,0.00045222044443309306,0.005094230225960612,0.0,0.0022786259879046676,0.9801637032296764
1074135.5216796906,975568.165130605,11.910594133586228,4.499943678610607,7.171102884846391,20.19169712541391,106.47820711630625,0.5570526421725455,2.5928020736575125e-06,1.0430812940001487e-05,0.9916554788572894,4.1604042469263075e-05,0.0253696444187355,9.834766486287117e-07,2.3245811694860456e-06,0.00011587143060207367,1.603364960491657e-05,5.960464537143707e-08,5.960464537143707e-08,0.006213456454422771,0.9999998907907092
467979.686497695,474513.6302176144,7.252450039452716,4.556764488532935,11.556148594160307,21.58923531097027,68.87824654881103,11.748006941270118,0.23290404910295098,0.0010221004588294028,7.152557444572448e-07,0.0017118752173903584,8.195638738572596e-06,2.8192997260689732e-05,9.894371131658553e-06,0.9990869860422003,4.351139112114906e-05,0.00013050437104076147,0.0,0.0013608634607979655,0.9994847874454093
52677.61357980258,51392.22761023171,1.1591408018213503,1.0005826652058343,12.838244861517351,18.920595173417567,78.69090795869229,72.53023446459528,0.9155362936020791,0.0,0.0,0.0,0.0,0.0,0.0,1.00000001,0.0,1.00000001,0.0,1.1920929074287414e-07,0.0
508238.392620631,481031.20558566,0.34495368015499056,1.0002205073836616,10.65919966013181,23.501056676924158,53.862010242804146,75.86265058217865,1.00000001,0.9815926053931658,0.0019981563291093705,3.558397328674793e-05,0.0002265572570568323,1.1742115138173103e-05,0.00010970234980612993,0.0532995765770784,0.004401475235131085,1.00000001,0.0,1.2397766237258911e-05,0.0
289104.07687074586,330692.2587669921,3.6677601111405367,2.109867067730468,16.424079187584784,23.320188528063927,109.29931879552807,6.493985802699194,0.0,0.0,0.0,0.9999999503953546,0.0,0.0,0.0,0.0,0.0,0.00011131167523115873,0.0,6.368756357938051e-05,0.9999312262392414
639235.4951907203,669033.9673568278,4.122435451946609,1.657671303496522,9.905123864360663,19.11993980848963,96.45414248552218,18.022050412629348,0.0,0.0007495582178685069,9.626150227487087e-05,0.0007561147288593649,0.9982168774290681,1.3709068435430525e-05,6.401538912892341e-05,2.950429945886135e-06,0.001379758133380711,0.0,1.00000001,1.0520219908058642e-05,0.0
989860.5755306998,1153051.5234529427,0.8761404278854099,3.0809590548202563,9.383990232644685,18.834329609425765,104.44297239668703,23.968118282992126,6.258487764000893e-07,1.6391277477145194e-06,0.9621595836534255,1.788139361143112e-07,0.25468719260271905,0.0,5.960464537143707e-08,0.0,1.0848045457601547e-05,0.0006426870887175202,0.014006495615833997,0.006036967099477947,0.9870345691202235
569185.991335071,435492.724895608,17.256870704758857,6.994730004291439,14.0329688854284,23.903415685838958,39.65192124399612,0.0857917964559397,0.0,0.837706216606127,0.0010716021168103813,0.0,0.0,0.2582334305837381,7.289648128926754e-05,0.0,3.874301949143409e-06,0.0,0.0,0.021058738442246316,1.00000001
342190.91391443065,366770.1685735995,4.3310548081724844,6.709554501583783,11.592486625469572,20.055981640752357,90.67077637132446,1.8859654667212067,0.008035123428587317,0.00013044476639539004,6.65783888798952e-05,0.964655766596936,0.00020301342213511467,0.03222188385760397,0.0027775764743089675,0.07848656256007314,0.00019291043474465607,0.0,0.0,0.0037978589914545416,0.9999998907907092
544523.0169856938,443883.8731519373,8.166866901295759,4.94731748667998,9.857610677406427,22.720123296553165,69.48942542381185,0.284964442286638,8.97049912840128e-06,0.0004524886653372645,6.997585366606712e-05,8.94069680571556e-08,3.2782554954290385e-07,2.9802322685718535e-07,0.9995195965583061,7.450580671429634e-06,6.586313313543796e-06,0.0,0.0,0.0032442212429219484,1.00000001
1025282.5492764334,707590.6460384274,8.710040286145707,7.434728393210413,9.824769889026378,20.200814251881603,43.76536056572501,0.39161711935835897,0.0,1.4901161342859267e-07,0.0,0.0,1.2516975528001785e-05,0.0,0.9999566178181696,0.0,3.87430194914341e-07,0.0,0.0,0.0036525130637162923,1.00000001
95101.23917665255,49413.62214249916,4.953219320063278,7.6194601749570126,12.503264313929705,20.34623718741289,81.15954921014449,0.07814154029811829,0.0,0.0,0.0,0.0,0.0,0.0,1.00000001,0.0,0.0,0.0,0.0,0.00018239021483659743,1.00000001
154202.59038932226,245471.77513089875,0.08102624419088691,1.0011371672169718,12.4714261352799,22.875831609590104,72.24907517752393,53.29485089213805,0.0,0.36329609518950995,4.75943093290925e-05,0.2303291582252276,0.0002460181737706065,7.152557444572448e-07,0.010201484066934883,1.728534715771675e-05,0.07137358260002732,0.0,1.00000001,0.0,0.0
168971.0795404568,132994.3822862055,16.827121358834255,7.744485149481781,13.711988574835487,26.292392737366765,75.981753918932,0.02156764269128859,0.0,0.12060347320043474,0.0,0.0,0.0,0.9871974090113782,0.0,0.0,0.0,0.0,0.0,0.002030193825996518,1.00000001
440530.1027919061,404698.04063906084,7.502165177018769,3.884732667752486,13.139597302971735,20.33416748526068,36.915104688594155,0.2503761649426335,0.0,0.0,2.3305416340231894e-05,0.0,0.0,0.0,0.9999806980948996,0.0,0.0,0.0,3.635883367657661e-06,7.379055096983909e-05,0.999999056325674
695038.1255970072,725209.2102125818,1.8224478489356992,6.8910944545981,7.707618627642234,21.45552444972243,123.6541071592441,16.91256568034779,0.07654440479529023,0.00043073296977668996,0.0012217164161783456,0.007314324452110528,0.8852869360760748,0.005942046701723933,0.00833719977132976,0.2874151795041719,0.002312272810216844,0.0001225173485609889,5.960464537143707e-08,0.009096086116198897,0.9996743302176904
273688.5531656448,255795.00202637832,6.177838494480602,5.54786444360022,12.559598213454516,20.894872670372422,78.22127282969329,0.11452078820622205,0.0,0.0,1.00000001,0.0,0.0,0.0,0.0,0.0,0.0,0.0,0.0,2.4914741765260694e-05,1.00000001
326086.7978484695,456078.2424297299,7.68166833183405,3.3138081762466483,9.083622877154973,22.900598531594913,87.39161760011825,0.11978983880498646,5.099177411526441e-05,1.6987323930859565e-05,2.0861625880002975e-05,0.021720946052322984,0.957522878685336,0.02023986002181083,0.0007975399573925137,0.000256240370451808,7.131695818692445e-05,0.0,0.0,0.002171456835526824,1.00000001
1458362.7910823727,727855.3367844147,13.724370460378495,4.948654299654912,15.841887123975946,21.68176842257145,99.56159607035256,0.0010132789613008497,0.0,1.00000001,0.0,0.0,0.0,0.0,0.0,0.0,0.0,0.0,0.0,0.001972079296759367,1.00000001
204512.69504415305,191199.44484264642,5.216545130584674,2.248584153051697,12.289595788608993,18.866059307616837,94.85341266232761,6.713593751981927,0.0,2.7120113644003867e-06,0.9955034355531788,5.960464537143707e-08,0.0,0.008738517848615646,2.0861625880002974e-07,0.0,5.006790211200714e-06,0.0,0.9999726514677745,3.582239186823368e-05,5.185604147315025e-06
162549.00069130922,130663.5270602884,3.7994031680545173,6.758571394563811,6.323652330071963,17.851286892138585,120.39841503471038,0.22927209737614004,0.0,0.0,0.0,0.0,1.00000001,0.0,0.0,0.0,0.0,0.0,0.0,0.00011056661716401576,1.00000001
411082.9489870483,248128.14454932252,2.8338737258948288,3.710089150962468,10.567855780388605,18.483203892152957,64.55548450630533,10.041799695481085,8.94069680571556e-08,0.0,0.0,0.0,0.0,0.0,0.9999999503953546,0.0,0.0,0.00016200542611956596,0.0,0.002711206701687872,0.9999443392612231
170692.83997942472,128844.98777148446,7.242485287252084,1.7521043728605523,15.669197924446081,17.036195758766194,77.73853868593456,1.4102993907203456,0.0,0.0,0.0,0.0,0.0,0.0,1.00000001,0.0,0.0,0.0,0.996453950832917,2.3543834921717644e-06,0.0024401545768612623
22534.972172582166,17590.486645200264,15.142178445209597,7.985146532500753,8.45836115286202,25.350887304943637,27.3152761170207,0.034656673673892316,0.0,0.0,0.0,0.0,0.0,0.9999988179070926,1.8537044710516928e-05,0.0,0.0,0.0,0.0,0.00020137429438740013,1.00000001
107301.7167627932,94547.94441113487,25.041379937048795,6.857263573430996,9.285908465038927,20.39241314415339,56.83551565052843,0.002436935901928544,0.0,1.788139361143112e-06,0.0,0.0,0.0,0.44111475789587345,0.8624367800171899,0.0,0.0,0.0,0.0,0.001770138758240938,1.00000001
1011397.3964691357,770066.4548005558,16.760977846086078,5.024886435059683,12.07804388382991,23.957792288028802,47.23446086240026,0.023338347676161823,0.0,0.0029633641539317367,2.136826536566019e-05,0.0,0.0,0.0,0.997976968731448,0.0,2.6822090417146684e-07,0.0,0.0,0.0032481849518391486,1.00000001
142784.07046114348,103781.95741659479,0.8920429232749987,1.07061764607981,14.29461122239839,18.055542949941675,46.510318966592095,30.445587638622115,0.0,0.0,0.0,0.0,0.0,0.0,1.00000001,0.0,2.9802322685718535e-08,0.0,1.00000001,0.0,0.0
252263.17423852003,375464.08843085234,0.9944815639040888,3.9623998743892415,16.501679428329133,20.49324036128695,82.73557454720614,3.565812260331998,0.0,0.0,0.0,0.9999998907907092,0.0,0.0,0.0,0.0,0.0,1.0132789713144302e-06,0.0,0.00019556284146368504,0.9999982814652841
298956.25883058115,399317.5948501719,6.078107168343698,7.560894498661036,10.921174948647673,19.292659763987942,94.77950260477911,0.6357920170578313,0.0,0.0,0.0,0.0011341273898050187,0.9995038609319281,0.0,0.0,0.0,0.0,0.0,0.0,0.0005544722135677933,1.00000001
153324.65842396044,165580.52305074,7.358936860663313,5.191024249818812,8.861216251301384,23.723834997306277,109.34269547971914,0.48216626053760614,0.0,4.976987888514995e-06,3.874301949143409e-06,2.384185814857483e-07,0.00019234419061362742,0.9998955826613092,1.4901161342859267e-07,2.3245811694860456e-06,1.1324882620573043e-06,0.0,1.1920929074287414e-07,0.0030625760861524936,0.9999999503953546
144855.8109958341,80055.53173802984,7.417612102153472,7.620987663190854,11.407033866115363,21.022525792360554,58.79387647163754,0.037932097916297314,0.0,0.0,0.0,0.0,0.0,0.0,1.00000001,0.0,0.0,0.0,0.0,0.00025716424245506524,1.00000001
55192.32679156072,72216.45555219184,2.132949209933848,5.5323592489140685,11.305548732895955,21.349046712262396,104.84234124908444,2.6645462218081506,0.0,0.0,0.0,0.0,1.00000001,5.960464537143707e-08,0.0,0.0,0.0,0.0,0.8725552646154451,5.48362737417221e-06,0.1431831731809467
448143.5675579626,474651.1274125292,9.839187148557205,4.35697812321533,9.981720243677227,20.903971677028096,123.98509264576849,0.11383682490734398,1.4901161342859268e-06,6.595254010349511e-05,4.231929821372032e-05,0.012224674347100258,0.05181241087273836,0.010048866372461319,2.688169506251812e-05,0.9261673781505286,7.960200389355421e-05,0.0,0.0,0.009231925103000402,1.00000001
82149.18026673685,77722.94043641936,1.1610241893875992,1.0155550539715776,10.283006971010714,20.38453674797173,89.36180472780946,66.89667702508211,0.9996308188265692,0.0,0.0,5.960464537143707e-08,8.949637502521276e-05,1.9669532972574234e-05,0.0,0.9999032120559167,3.87430194914341e-07,0.9999991755349648,0.0,4.321336789429187e-06,1.0430812940001488e-06
208201.27653224618,209742.4693235198,1.3239305977525717,1.0854903162747016,14.79809779633428,18.560684208339275,110.17610431231192,34.674122337605915,0.0,3.5166740769147872e-06,0.00014674663690447806,0.9992338518883955,2.6583671835660932e-05,7.450580671429634e-07,1.5914440314173696e-05,0.0001488924041378498,0.003766179122439623,0.0,1.00000001,0.0,0.0
634245.3902795563,417966.86716347944,3.5383762371573115,1.1093814672602174,13.856922633093896,22.236036306045442,63.58660489595558,15.261440278895071,0.0,3.5047531478405e-05,0.46607244480812426,0.7247918916702211,1.668930070400238e-06,0.0003210008176478743,0.007747471410024762,1.847744006514549e-06,0.012063592792983949,0.0,1.00000001,7.152557444572448e-07,0.0
98247.51923846615,89546.48394610836,0.683412981264208,1.0050616562438794,14.403021998111482,26.162313467916935,43.95642370159716,69.72278297767747,0.9943858484524642,0.11516231413608967,0.0,0.0,0.0,0.9903891781663733,0.0,0.0,4.172325176000595e-07,0.999994884000498,0.0,1.1712312815487385e-05,5.066394856572151e-06
169006.86025311853,158165.91737193073,8.597417238278984,3.3686965737802756,13.580833203107078,21.858047490619704,86.629300270434,0.05725532770830452,0.0,2.6822090417146684e-07,0.9987930159312284,0.0,0.0,0.0024994313966831562,0.0,0.0,1.4901161342859267e-07,0.0,0.0,0.001782000082669854,1.00000001
331357.3713666957,272494.31412089395,1.8913207298946362,5.698132402455942,8.077310625584772,23.130468374196045,55.63443362946883,40.70473567130223,0.3584191835005736,7.116794657349586e-05,1.4901161342859268e-06,5.364418083429337e-07,0.00011610984918355942,0.9999145369385373,4.333257718503475e-05,9.030103773772715e-06,3.480911289691925e-05,0.08110186538735836,0.0,0.002718716887004673,0.8426946485865533
164468.30048143052,155969.26079711103,1.0248583558683917,3.074986997230777,5.629354479609356,18.57391071743765,125.06840557450064,12.789249868705468,8.94069680571556e-08,0.0,0.0,0.0,0.9999998907907092,0.0,0.0,0.0,0.0,0.005899012147765756,0.0,0.0002160668394714594,0.9976587991344552
136938.76924578805,164794.94879949058,20.5903308461133,4.6056791595470274,14.380935795002667,16.39992523549607,67.08724975878692,0.008091032505987287,0.0,0.0,0.0,0.9985987047873175,0.0,9.307265374749899e-05,0.0124257506182608,0.0,5.960464537143707e-08,0.0,0.0,0.00016838312317430973,1.00000001
1540217.8801797344,1349131.0301723706,11.59093254004104,3.2938650879250826,11.55028689457637,20.87351799507278,85.14544457582551,0.5287036300327509,2.9802322685718535e-08,0.018711418100551068,0.005282968335529267,1.3113021981716154e-06,4.47034840285778e-07,2.9802322685718535e-08,1.0430812940001488e-06,0.9982233147307682,1.1444091911315917e-05,0.0,2.0861625880002974e-07,0.040712923218637405,0.9999998907907092
73097.7781105865,50414.296172157,11.247292379364337,5.038293367432809,10.734021132335407,19.29406452625645,53.35969150288733,0.021554976704272328,0.0,0.0,0.0,0.0,0.0,0.0,1.00000001,0.0,0.0,0.0,0.0,0.0002922117739334702,1.00000001
695378.6014409291,666366.3134463971,0.8757866862394774,3.1523531706086647,11.290274267804605,23.64661026583683,83.18722904103805,13.368012012623884,0.0024715662249720095,0.0033964813095232844,0.00044304132904589175,0.0213502945650807,1.955032368183136e-05,0.9932128290315544,7.209181857675313e-05,7.301569058001041e-06,0.00021100044461488723,9.63211069202423e-05,4.976987888514995e-06,0.013532817499067186,0.9995982746901965
102302.10759982838,68010.46496986697,6.649474909167831,2.713835539881961,13.796563274277617,18.54684925502685,56.06458574769692,0.14508888127126543,0.0,0.0,0.0,0.0,0.0,0.0,1.00000001,0.0,0.0,0.0,4.47034840285778e-06,2.2828579177260397e-05,0.999999056325674
707854.5159714138,497314.5539440444,13.445305351984961,3.9161830288108272,11.13351291948243,16.84220886600538,104.68345612773078,5.553239882645662,0.0,4.452467009246349e-05,0.0,0.0,1.788139361143112e-06,0.0,0.0001796185988268256,0.9994544486809152,2.4735927829146382e-06,0.0,0.9999989371163832,3.927946129977703e-05,8.94069680571556e-08
3604048.268361813,2956282.9648306007,4.627388860358473,7.740146348568447,11.744178598751189,21.604923253480056,65.2926789252503,4.507348537975345,0.0,0.9999950628144341,0.0,2.9802322685718535e-08,7.718801575601101e-06,0.0,0.0,0.0,2.0861625880002974e-07,2.9802322685718535e-08,0.0,0.017840296208447515,0.9999999503953546
101809.56372709408,94541.5209310694,2.233393312255074,5.959748036794217,15.217689342592742,16.765617374282222,103.88527632241107,0.11282861234084963,0.0,0.0,0.0,0.0,0.0,0.0,0.0,1.00000001,0.0,0.0,0.0,0.0009755492307943106,1.00000001
1260984.8258517333,1091499.4805672558,12.979300574872877,1.847613902110764,9.902575408167433,22.207590108526787,77.35885322439394,0.04004731774801284,1.4990568310916422e-05,0.9872852662586558,0.0010295808418235182,0.0005732178745371103,0.0006068348945266008,0.0018177628698927163,0.011991143346534967,0.002654135253744721,0.002304554008641243,0.0,0.0,0.013196498287558853,1.00000001
322272.98386606027,314144.1588653689,7.1237807059513,7.764386305935687,13.157897121019388,19.634542469783256,88.64706576273832,1.6276553275115877,0.00010687112915098666,5.2809715799093245e-05,5.662441310286521e-07,0.17003494671148836,2.7775764743089673e-05,8.732080546915531e-06,0.024376541619879302,0.9201945158471476,1.0192394358515739e-05,0.0,0.0,0.007712513285514414,1.00000001
397022.43341613235,563057.6571610931,4.747444011384751,5.602090484517835,8.195299390880674,19.78649139866375,118.22369963485673,3.0776575211331036,4.351139112114906e-05,1.1026859393715857e-06,3.784894981086254e-06,0.0010077655416175723,0.9993466238774382,4.2438507504463194e-05,1.5765428700745105e-05,2.7745962420403957e-05,3.957748452663421e-05,2.2053718787431714e-06,0.0,0.003472536837017238,0.9999970893723767
57702.008340600805,84735.99180735243,1.377766371238777,1.5714704402504378,17.887508877689005,15.590230945081908,143.752342767422,11.39049932494655,0.0,0.0,0.0,0.9999995927674823,0.0,8.94069680571556e-08,0.0,0.0,2.9802322685718535e-08,0.0,1.00000001,5.960464537143707e-08,0.0
304885.2347333591,372520.05127003737,0.9851351979722813,1.5290769048142807,12.619587069798696,22.75585175115417,64.99213964029036,24.50786412050565,0.0002585351492986083,8.94069680571556e-08,2.9802322685718535e-08,8.94069680571556e-08,8.94069680571556e-08,0.4428959533158308,0.00025334954515129324,0.9254211279904783,1.4871359020173549e-05,0.012874066958422064,5.459785516023636e-05,0.008715629664793015,0.9734722473216975
43769.334274299195,76442.93182769847,5.439584972311941,3.4883521830820716,18.93919516511608,16.445956233740436,107.95633852984183,0.05698680878355979,0.0,0.0,0.0,1.00000001,0.0,0.0,0.0,0.0,0.0,0.0,2.9802322685718535e-08,2.077221891194582e-05,1.00000001
280044.6613258223,261055.31137728615,7.254831841058746,2.6633345508495503,14.372506863762386,15.640697482573264,119.0860146340045,0.7045531273717069,0.0,2.0861625880002974e-07,2.9802322685718535e-07,0.008369058454280794,1.1920929074287414e-07,1.4603138116002082e-06,2.2649765241146085e-06,0.9978473882324105,1.770257967531681e-05,0.0,0.9667691089032256,0.00012627244121938942,0.015590012229416965
15003.318515163664,11669.426885396244,7.6274108912487035,2.7895198489958184,13.743776685583658,23.785312658458302,41.9933672265724,0.003125965595613122,0.0,0.0,0.0,0.0,0.0,1.00000001,0.0,0.0,0.0,0.0,0.0,2.0444393362402916e-05,1.00000001
89514.04362294567,120476.92932187696,4.667172886517849,2.137879224256996,15.390278406319336,19.520882611044122,64.1184225706197,0.49187093978946506,0.0,0.0,0.0,0.12096613766519725,0.0,0.9729285337466191,0.0,0.0,0.0,0.0,0.016004592340297996,4.7117472166121004e-05,0.9887372354199039
28151.239555326727,19042.540355134028,9.576136568443617,6.555964537451405,14.901964909973982,17.456068042832953,80.30432999494599,0.010609030724819897,0.0,0.0,0.0,0.0,0.0,0.0,1.00000001,0.0,0.0,0.0,0.0,0.0001427829279872775,1.00000001
215737.77549450428,211351.8114912728,0.28733172426394166,1.4249104267468464,7.669538859204835,20.943449979042388,72.8364212843217,51.61601484429116,0.005101740411277413,0.0,0.0,0.0,0.9999998907907092,0.0,0.0,0.0,8.94069680571556e-08,0.9767971732544523,0.0,4.696846055269241e-05,0.03986707369617134
522453.7715885361,512218.7637716165,13.40195126986277,2.496427985183332,10.62007910518917,20.491218571735537,95.0734226449248,0.40606141095170256,4.172325176000595e-07,0.0058057308777594565,0.0026327669883790612,0.9056751818625378,0.007104605507371127,0.095146895406425,0.04451364323306978,0.06329187814108223,0.00942364344483763,0.0,0.09541598057795435,0.00039979815882891414,0.8714463797929549
60466.06839372047,59949.51831041643,0.04757781030354918,1.0000396370888323,11.052371626394931,20.378356938399484,32.409305126624126,72.92905093097369,0.9996240238969969,0.0,1.00000001,0.0,0.0,0.0,0.0,0.0,0.0,1.00000001,0.0,5.960464537143707e-08,0.0
389313.55341631116,238213.2426569233,13.814382271665313,6.294881709033538,12.581124907762558,20.707426076075564,78.65872413272095,0.007414668799318969,0.0,0.0,0.0,0.0,0.0,0.0,0.0,1.00000001,0.0,0.0,0.0,0.0077340007601708165,1.00000001
44356.73430716281,27063.036450929074,9.996003202000686,7.65574062821395,16.748116143572524,17.51592064294931,101.28219873181203,0.003665536642505824,0.0,0.0,0.0,0.0,0.0,0.0,0.0,1.00000001,0.0,0.0,0.0,0.001373410238648653,1.00000001
119569.65590093152,64010.546572344996,2.7629930743968836,2.1846799867387867,11.12625557714041,19.02742386302615,73.0899168583322,29.462461326012175,0.0010538101301670075,0.0,0.0,0.0,0.0,0.0,1.00000001,0.0,0.0,0.09045070500225484,0.0,6.279349389880896e-05,0.9490625953213143
110523.09904962078,70900.33656904887,6.245328166210555,5.620950645849252,11.76738632285663,18.251339916555594,76.86419397935438,0.049769729381694494,0.0,0.0,0.0,0.0,0.0,0.0,1.00000001,0.0,0.0,0.0,0.0,0.0002588927771708369,1.00000001
730527.1881789815,600435.8876620338,4.293409110566077,7.633981535375096,8.09105864552502,18.162035946190773,111.88930899427311,2.504698932465538,0.0,4.172325176000595e-07,0.0,0.0,0.999998102651348,0.0,0.0,0.0,2.384185814857483e-07,1.788139361143112e-07,0.0,0.0019701719481074807,0.9999997715814185
2364510.4573882907,1851898.2037568698,19.99155474384497,7.875108967112234,13.718166953897269,19.313151364030965,87.67991215388975,0.014049112798436283,0.0,0.9532311058000111,0.0,0.0,0.11715552327963322,0.0,0.0,0.0,0.0,0.0,0.0,0.0006668269700929522,1.00000001
781095.3984954607,936872.4267859665,7.930132582482567,5.0027568397483755,11.654908781833221,17.090379718744064,147.0601868699743,1.0248658062233251,5.960464537143707e-08,3.567338025480508e-05,5.960464537143707e-08,0.46846577993604627,0.0002506971384322643,2.384185814857483e-07,5.662441310286521e-07,0.7793781835292554,1.4364719534516333e-05,5.066394856572151e-07,1.9669532972574233e-06,0.03742012418973773,0.9999986986978018
315105.65986100485,251317.83642074923,5.766354920428013,6.697119720968332,7.507858965395774,17.293062213924593,97.48152599187294,0.2002467215296772,0.0,0.0,0.0,0.0,1.00000001,0.0,0.0,0.0,0.0,0.0,0.0,2.7328729902803898e-05,1.00000001
103044.93010331645,61931.42232196638,4.1639987721205625,6.335891910069449,13.31462342181042,19.286498074227715,62.289349141418235,0.05176082254065066,0.0,0.0,0.0,0.0,0.0,0.0,1.00000001,0.0,0.0,0.0,0.0,0.00021505356050014496,1.00000001
1011695.5690746502,812804.298182065,2.032423949928268,7.9312450984790495,9.382456277308336,20.299053196919626,50.76856807083345,6.8228353567997715,0.0,1.4901161342859267e-07,0.0,0.0,0.9999996523721277,0.0,0.0,0.0,0.0,1.9967556199431417e-06,0.0,0.0002731680897372961,0.9999985198838657
285918.84801233694,238481.2927439795,9.771528986417342,5.796658105550031,12.013548916338566,20.845539097969308,101.67411730163536,0.017798244955249426,0.0,0.0,2.0861625880002974e-07,0.0,0.0,0.0,0.0,0.9999998311860638,0.0,0.0,0.0,0.0018387139027407765,1.00000001
119488.21750805037,86963.37692194476,13.20129507033972,7.468467065991918,7.835082743322591,22.15110779344566,55.72224468227256,0.036313384775619205,0.0,0.0,0.0,0.0,1.1622905847430228e-06,4.321336789429187e-06,0.999973068700292,0.0,0.0,0.0,0.0,0.0003535747563433647,1.00000001
1321303.2803685376,1127533.988481529,13.025612501730258,5.88012046319032,9.156913523266075,17.571777347678683,113.53901774222147,0.08418068290747135,0.0,0.0,0.0,0.0,1.00000001,0.0,0.0,0.0,0.0,0.0,0.0,0.00028690696049541234,1.00000001
808443.9762311316,675890.424700219,7.012562921032135,1.8217607152280515,13.796131438626015,22.218746190683593,135.70307374645182,13.02602529679004,0.0,0.9171437712831014,0.04813396978828549,0.08204639040023684,3.787875213354826e-05,3.784894981086254e-06,8.702278224229812e-06,4.4405460801720616e-06,0.0011930465817546845,0.0,0.9999998907907092,3.0279159848690033e-05,0.0
126952.59597134966,84303.88256727291,1.8822169548671464,7.584155628550376,9.928970580060723,23.95706368085084,20.169124305769756,5.273737013960436,0.0,0.0,0.0,0.0,0.0,0.9107720942975401,0.7035696576857209,0.0,0.0,1.0132789713144302e-06,0.0,0.0023733675717225668,0.9999992947442555
111777.66028732315,77987.69197965812,12.903968600817885,2.1397106663773036,12.777165776615066,19.550131802337443,70.80582410408948,3.1307153407442194,0.0,0.0,0.0,0.0,0.0,0.0,0.9999999503953546,0.0,0.0,0.0,1.00000001,2.0861625880002974e-07,0.0
237226.70245817935,263688.5909889881,11.72514441409456,6.69315434315505,8.525380794293318,19.650179867554257,134.64039147539359,0.06494864822198122,0.0,0.0,0.0,0.0,0.9993453721798854,2.9802322685718535e-08,0.0,0.0026474297311404344,0.0,0.0,0.0,0.0023016631833407282,1.00000001
69359.99814258346,43984.04541148788,5.617951919546273,3.4838056003767544,11.972348040082984,18.34473801076203,62.860196533529724,0.5842693150730863,0.0,0.0,0.0,0.0,0.0,0.0,1.00000001,0.0,0.0,0.0,0.015721142449234126,3.45706943154335e-06,0.992590794952458
313963.2860661273,248496.36620388608,0.9063328507624314,3.4766304528330876,6.262472483517637,19.10509872877308,88.44220623776253,37.09892422397289,0.0006451010768550634,0.0,5.960464537143707e-08,0.0,0.999998579488511,2.9802322685718535e-08,0.0,0.0,7.74860389828682e-07,0.19178933096986472,0.0,0.0002878308324986696,0.8296030842771709
1994150.6367944535,1667500.2295554131,7.77759847903748,5.268767601389377,8.512184147119827,20.164670948952825,57.336218806548516,37.98487961739148,0.011538177844034731,0.0011020898929178715,0.03050637275684595,2.2053718787431716e-05,0.9892691472751987,8.94069680571556e-08,8.34465035200119e-07,4.172325176000595e-07,2.4139881375432013e-05,0.10428598627425938,1.1920929074287414e-07,0.0033608973362365363,0.8561877097871577
357882.06092175416,241506.40463967482,7.038977100842999,2.921295645597491,12.38733333939101,20.332289700531085,83.28609928864557,0.27174368503906515,0.0,0.0,1.00000001,0.0,0.0,0.0,0.0,0.0,0.0,0.0,0.0004683733033287525,2.9116869263947007e-05,0.9997427563505769
2647966.008526134,1722435.9143661016,16.965073543557985,1.6729080090598996,13.433209246833322,19.048419003108393,140.97114414648317,1.4596536757279066,0.0,0.3534895813051289,0.0,0.0,6.258487764000893e-07,0.0,0.0,0.9677937127571606,2.8550625132918357e-05,0.0,0.9995560746012735,0.0003214180501654744,4.822015810549259e-05
1759174.59687146,854954.6535489382,18.002609259011653,7.267128178489631,15.542621262322209,20.979717259632334,90.52028298790916,0.0002710521221479773,0.0,1.00000001,0.0,0.0,0.0,0.0,0.0,0.0,0.0,0.0,0.0,0.0021063685627812144,1.00000001
401176.53688458505,481917.9930498328,1.6700981145778944,5.273812776948953,9.669566278293825,22.626434331680137,88.11642200155312,8.805609495483662,0.055805475077784356,6.824731895029545e-06,0.9993584255972218,5.4180622642636295e-05,2.989172965377569e-05,0.00026780367165386674,7.390976026058196e-06,5.1975250763893126e-05,3.105402023851871e-05,5.543232019543648e-06,0.0,0.0008988082498785852,0.9999743800024902
414796.3160729748,302327.73326602275,1.246806097451858,1.1305255593734005,12.026775604253038,20.61041069518587,67.36035317476697,39.771209363847966,0.0,5.719065723389387e-05,0.9984257321064496,0.00037187338247239587,0.0004851222086781263,2.810359029263258e-05,0.00042745471428126095,8.34465035200119e-07,0.027067363532850143,0.0,1.00000001,2.9802322685718535e-08,0.0
4497997.693376131,3091707.6325826747,12.064237980149976,7.905094633430094,14.643286592780795,22.36801148003688,48.87739345630699,0.024769604208999273,0.0,1.00000001,0.0,0.0,0.0,0.0,0.0,0.0,0.0,0.0,0.0,0.002784371403881311,1.00000001
222066.48904655012,181072.2208929482,20.754059417106724,3.0359936981676565,18.30498755849846,26.12813187305762,116.15113795347985,0.10644242168725103,0.0,0.9050670952704584,2.9802322685718535e-08,4.589557693600655e-06,0.0,0.5421512777184182,0.0,0.0,0.0,0.0,6.496906345486641e-06,0.004163205665258765,0.9999972681863128
1912911.6468432362,1620560.5621732431,20.580018527307935,3.904861007310278,15.79012943066059,21.490892415431723,146.10186666948186,0.06050288677927374,0.0,0.7940692981018257,0.6943317721181833,0.0,2.9802322685718535e-07,0.0,0.0,0.0,5.960464537143707e-08,0.0,0.0,0.0008435845459419489,1.00000001
161410.72676975752,138854.33218160292,0.6132054092571518,1.2158498171075207,12.907212144322257,19.67448902588705,65.54579094337166,27.347983721135805,0.0,0.0,0.0,0.0,0.0,0.0,0.9999998907907092,0.0,8.94069680571556e-08,0.0,1.00000001,3.576278722286224e-07,0.0
1062421.624514174,1384921.9666668642,0.20305829055016816,1.2252836528658553,9.460102205012928,20.061689381537832,98.60138133622587,51.2407520473682,0.00013193488252967594,0.00014030933520436286,0.00015750527539402245,0.0003111064465162158,0.00014564395096510648,0.00663584477384746,0.004251450342731177,0.9916061262109219,0.00266653301998198,0.01279884589596331,0.9972884754727626,0.0062142909194579715,0.0004794597673678398
294721.0896850042,228304.06981431224,6.856456115178005,2.18986493519056,16.572177537226537,19.349252705289807,28.561309725998022,1.300292760286719,0.0,0.0,0.0,0.0,0.0,0.0,1.00000001,0.0,0.0,0.0,0.22526213751987903,4.351139112114906e-06,0.9141923280582439
13887.78025478244,10955.031737574936,9.382384947131822,6.9573931183089925,16.56532198979514,25.886676794857166,26.597869695084114,0.027029216292700168,0.0,0.0,0.0,0.0,0.0,1.00000001,0.0,0.0,0.0,0.0,0.0,6.178021492749452e-05,1.00000001
41856.18429416661,99403.2273027797,4.046305133279227,3.9734329623738294,17.124646791029654,14.884494784583046,77.49245852578095,0.1906788349375939,0.0,0.0,0.0,0.0003857612648439407,0.9993994335932374,0.0,0.0,0.0,0.0,0.0,0.0,4.112720530629158e-06,1.00000001
323537.0493555634,232932.6212204031,1.5067753320062383,2.6600976610057536,7.02908403016069,22.374614721005738,67.07642883355062,64.55214203163459,0.999998579488511,0.00044611096828252073,0.0009079277606204152,0.00019755959708362816,0.959483990727347,0.002377599501543939,0.13053405415415645,0.001543223873311877,0.0016496777699452638,0.99058843649585,0.0,0.00020393729413837193,0.001951307077847421
448817.9967200608,662531.8430624532,10.595218614343016,3.1759656102748126,10.590763097084237,21.94630814128205,153.89444381736533,0.45848846440940855,5.960464537143707e-08,1.4901161342859267e-07,0.9998798470349312,0.0,5.650520381212234e-05,4.738569307029247e-06,0.0,0.0,1.341104520857334e-06,1.4901161342859267e-07,2.9802322685718535e-08,0.0014474690105226635,0.9999998907907092
921037.1201573506,699746.0144103706,9.862007454389195,6.4476530629734015,7.272882166987905,18.04186630656582,121.99519306995614,2.1400426330699918,0.0,2.0861625880002974e-07,0.0,0.0,0.9999904732567405,0.0,0.0,1.1235475652515888e-05,1.1920929074287414e-07,0.0,0.12321105722614437,0.0002885460882431269,0.8836674182566875
627176.4632343206,435218.25132848637,5.588332011203441,3.365374568503618,12.329275852352408,20.82892990606959,35.29576659332298,0.03271624446300119,0.0,0.0,0.9951872925141286,0.0,0.0,0.0,0.015790134826251565,0.0,0.0,0.0,0.0,0.00020384788717031478,1.00000001
702959.267220379,658806.0510169142,6.362234046224416,4.817787235468783,11.95915890309474,20.85102558631331,127.55281329757804,1.0410301388534768,3.4093857152462005e-05,0.0019315779402294753,0.0006884038517174124,0.9797151782732564,0.0001075565825727582,0.014277070903497635,0.00014096498630344868,0.00867110499470055,0.00021612644411683082,0.0,5.960464537143707e-08,0.009263843390596806,0.9999998907907092
34320.24440554384,26894.637108672287,5.180424668154868,3.2011414201710076,15.133073337131764,17.900531772830245,97.74627835008468,0.488233268318395,0.0,0.0,0.0,0.0,0.0,0.0,1.00000001,0.0,0.0,0.0,0.14333933735181986,5.811452923715114e-06,0.910121509593311
17488.21446637035,11542.519752210977,1.8251586920228577,1.066672086810944,17.682152875737273,13.208894732179537,56.55981451511733,1.2462013961350762,0.0,0.0,0.0,0.0,0.0,0.0,1.00000001,0.0,0.0,0.0,1.00000001,0.0,0.0
249723.3027131716,204346.2252458212,2.4278621204949067,2.2728026229444644,12.370370334317014,20.14880180832287,77.70558774818491,7.303048522139471,0.0,0.0,1.281499875485897e-06,3.87430194914341e-07,0.0,5.960464537143707e-08,0.9999368290759062,6.586313313543796e-06,7.927417834401131e-06,0.0,0.9997911553226184,3.7550926584005356e-05,6.496906345486641e-05
128026.2037090804,91300.44121911898,14.870360188739593,7.254696318501778,12.672064489200057,22.27103233877122,60.11907369155413,0.048566460615149736,0.0,0.0,0.0,0.0,0.0,0.09037464947476088,0.0,0.9829759696075916,0.0,0.0,0.0,0.008499503220676182,1.00000001
2535875.4717980856,1684879.388891452,13.523477844992328,7.0436947432072134,14.027477688316562,21.2560787251728,63.92098427095366,0.008904188872431218,0.0,1.00000001,0.0,0.0,0.0,0.0,0.0,0.0,0.0,0.0,0.0,0.0051799119036820525,1.00000001
139623.0681269326,75779.23009012353,4.242944909575518,4.938874369526195,16.01352239417639,15.502029422227197,97.22321272343662,0.2394175529761648,0.0,0.0,0.0,0.0,0.0,0.0,0.0,1.00000001,0.0,0.0,0.6882504889648717,7.33137138068676e-06,0.3274555835090834
160176.66489868425,139572.02587324166,6.7496261381063904,2.4776977917800336,16.40102792567195,15.543155673460753,165.06313801606964,13.921827228515074,0.0,0.0,0.9784557917212032,0.11616760608492434,0.0,0.0003233552011400461,0.0,0.0,7.3611737033724784e-06,0.0,1.00000001,2.0861625880002974e-07,0.0
262608.27278684656,176126.8356728175,10.825790242037794,2.022994460136805,9.634073142824654,13.498070719513558,164.41137195425338,12.386329622533799,0.0,0.0,0.9999780754905032,0.0,0.0,0.0,0.0,0.00017291307622253893,0.0,0.0,1.00000001,7.450580671429634e-07,0.0
176362.96478904036,166236.4124476948,1.9192927843855925,7.656047294111758,8.620241944126393,23.99643517134166,36.430115701123455,6.755665094455138,1.1920929074287414e-07,2.9802322685718535e-08,0.0,0.0,0.0,0.9999936323029452,4.8667192945778366e-05,0.0,2.9802322685718535e-08,5.364418083429337e-07,0.0,0.005250215582897663,0.9999989371163832
99535.81125216736,59564.283114057864,11.687449316158547,5.82211012337051,12.489936238514423,17.514467243290653,59.74324703471647,0.009203106166014968,0.0,0.0,0.0,0.0,0.0,0.0,1.00000001,0.0,0.0,0.0,0.0,0.0002472698713234067,1.00000001
371246.15710091527,183638.14076774745,4.2580931677898635,2.174827875385143,17.63582504635425,21.209014897643442,73.9157068762178,5.850958973857675,0.0,1.00000001,0.0,0.0,0.0,0.0,0.0,0.0,0.0,0.0,0.9999998907907092,3.933906594514847e-06,0.0
3883799.024876138,3087757.0187348444,18.431841665772872,3.5056577360662358,11.006967549797078,18.31134701191126,52.24321842410236,0.28018429878670126,0.0,0.9998411040154397,2.384185814857483e-07,5.960464537143707e-08,6.887316772669553e-05,0.0,9.509921169012785e-05,0.0,2.0116567812860012e-05,0.0,1.0997057071030139e-05,0.008643955078733861,0.9999979834420573
25544.651909494423,20220.988535792843,6.999567105750645,1.0146434009284355,16.75295520626556,26.854881293450745,29.142704905061116,63.10683131960389,0.7784268337844819,0.00010007619957864283,0.0,0.0,0.0,0.9999953608376609,0.0,0.0,0.0,0.9999257426118672,0.0,1.6093254250288008e-06,2.646446254491806e-05
634872.6708984075,412697.53021896613,23.383840091975877,3.9595001084167762,14.24240917645602,23.383207326911744,93.14063802787851,0.006031543017143309,0.0,0.9997588496048271,0.0,0.00034415722237467764,0.0,0.0007607042865529656,2.9802322685718535e-08,2.9802322685718535e-08,2.6822090417146684e-07,0.0,0.0,0.007847786028184891,1.00000001
496208.0597775121,424575.9337205656,17.224654632665455,5.599355942620924,8.846724723021854,19.485069279428927,91.6832011979984,0.04528090358313173,1.1622905847430228e-06,5.978345930755138e-05,5.0961971792578695e-06,4.142522853314876e-06,0.08956465214648573,8.463859642744064e-06,0.9388737772415209,0.007439285591131746,3.6686659226119515e-05,0.0,0.0,0.00843194135514766,1.00000001
1002962.0934591297,904558.5026901523,9.824891046028572,7.456969389602965,7.456857923243878,19.686433796703767,152.84914941328188,1.0713474453755982,0.0,6.854534217715263e-07,0.0,0.0,0.9999494056560796,0.0,0.0,0.0001752674597147107,2.384185814857483e-07,0.0,0.0,0.005649417695272862,1.00000001
154000.39209120773,196726.58902762504,6.9608619475039255,2.7414269174180963,17.377449639965956,19.03368282756668,72.7305075558407,0.02675816417055219,0.0,0.0,0.0,0.9999999503953546,0.0,0.0,0.0,0.0,0.0,0.0,0.0,3.480911289691925e-05,1.00000001
148741.5591193237,69969.10556712578,2.862289501203501,7.8851851323259075,10.953988199681822,19.83755493627736,50.47271862833628,1.0985311867098968,0.0,0.0,0.0,0.0,0.0,0.0,1.00000001,0.0,0.0,0.0,0.0,0.00025564432399809357,1.00000001
800296.782501204,649004.6884748612,13.302478413307558,2.868818643378664,10.207682316395683,20.764312749066974,73.93641889423185,0.0989618897554475,2.6822090417146684e-07,0.001476854100690782,0.197655292341772,3.7521124261319633e-05,1.6510486767888068e-05,2.381205582588911e-05,0.5132757476635802,0.09456083273081034,0.00029739737808078524,0.0,2.5331974282860754e-06,0.0034318268642285466,0.9999981622559935
153850.56035693668,102091.71412153081,3.4228403341412896,4.176607464321565,13.787372059234942,16.026266101468167,92.16961980287411,0.013752728702255785,0.0,0.0,0.0,0.0,0.0,0.0,0.0,1.00000001,0.0,0.0,0.0,0.0014017522475227712,1.00000001
13964.000627067091,10874.651432971956,7.340700199699816,3.0324077933258793,11.78036892975063,23.448293691678177,35.571049304127726,0.004630684853144884,0.0,0.0,0.0,0.0,0.0,1.00000001,0.0,0.0,0.0,0.0,0.0,4.589557693600655e-06,1.00000001
203792.421843957,171327.62802606847,18.205602270554838,5.111969953689184,11.593033617294937,21.129611974034646,59.174026849407426,0.3494393825942111,0.0,9.089708419144153e-06,1.1920929074287414e-07,2.9802322685718535e-08,2.384185814857483e-07,0.0002357363724440336,0.0020098090372794863,0.9990380506283503,8.76188286960125e-06,0.0,0.07217949701009452,0.0003865659275564551,0.9087622852602606
2104781.804976387,597476.9202502558,5.983380272025685,7.910195718146549,17.7549941624312,24.584220892350537,50.03988743033702,0.010089725257153213,0.0,1.00000001,0.0,0.0,0.0,0.0,0.0,0.0,0.0,0.0,0.0,0.0014885664135062694,1.00000001
1476461.6818792261,879919.7692347219,13.475347809575677,7.089056262131879,10.18889934309725,23.163023000671064,73.60831588832895,0.038375407461866434,0.0,0.999987016187309,0.0,0.0,0.0,0.0,0.0,0.00011777877925395965,0.0,0.0,0.0,0.00894647845631659,1.00000001
136269.9308200433,151854.93501139604,4.087196256111034,4.880477672398397,16.037315912730964,21.00554085278005,74.47539627882676,3.3650285009528313,0.0,0.0,0.0,0.0,0.0,0.0018478930181279778,0.0,0.9998228053893107,0.0,6.556510990858077e-07,0.0,0.0043649375875183935,0.999999056325674
364264.6319006711,536992.0430932828,0.07000379564742923,1.0051438510491422,14.448752767767505,19.74034500582706,55.07228017084473,50.33879191275586,0.0,0.0,0.9654271103126877,0.36444536215923934,2.9802322685718535e-08,0.0,7.450580671429634e-07,0.0,2.0205974780917165e-05,2.0861625880002974e-07,1.00000001,1.1920929074287414e-07,0.0
206052.75655163557,208287.11706976863,0.08253295424388618,1.0000319182873227,8.769878004197114,21.337545400002945,67.5823332398857,75.71572513279003,1.00000001,4.768371629714966e-07,9.238720032572745e-07,1.3172626627087593e-05,0.0001878142375653982,8.94069680571556e-07,0.0001759231108137965,0.9994257192418461,0.000856280335406065,1.00000001,0.0,1.1622905847430228e-06,0.0
2059580.8879170476,1457421.7028749355,12.381498364816789,5.117316788356399,13.010816401478372,24.89124107982441,45.28818786325222,0.064092427499682,0.0,0.7248647881515103,0.6938299010041559,0.0,0.0,0.0,2.9802322685718535e-08,0.0,1.4901161342859267e-07,0.0,0.0,0.0027368366991975903,1.00000001
614264.2849103925,502471.3931836274,11.944753579360404,3.1579778821302193,13.947937316383848,14.19110107709097,130.68258286141347,0.0757020711987865,0.0,0.0,0.0,0.25450191156258195,0.0,0.0,0.0,0.9390031193219769,8.94069680571556e-08,0.0,0.0001014769087448716,0.0005515515859445929,0.9999590020039844
94577.38718033922,75078.20272514116,0.8912242892415191,7.804108927433321,7.808458510779318,16.53181076410174,85.03570109990588,0.7567775250371527,0.0,0.0,0.0,0.0,1.00000001,0.0,0.0,0.0,0.0,0.0,0.0,5.364418083429336e-06,1.00000001
85106.67979768406,93164.46569108918,0.2299673558058411,1.1957275274211818,9.00852477979484,19.101445202465783,96.72322437611902,35.278044198133436,0.0,0.0,0.0,0.0,1.00000001,0.0,0.0,0.0,0.0,0.0,1.00000001,1.4901161342859267e-07,0.0
335268.83687741094,273986.2975717752,4.109961868720959,4.238808070279716,10.308246200225003,18.896350864938313,67.12276354725043,2.422387749241667,0.0,0.0,1.00000001,0.0,0.0,0.0,0.0,0.0,0.0,0.0,0.4840421128993505,4.315376324892044e-05,0.4586559579938471
387724.2934289187,499087.7816572514,12.283505753852287,2.103168399717816,12.475265091637777,19.328663830466475,60.67744389436253,0.5459395051644784,0.0,5.632638987600803e-06,3.7550926584005353e-06,0.4381967528770694,0.00687015063480258,8.314848029315472e-06,0.5777913985811061,2.6822090417146684e-07,5.552172716349363e-05,0.0,0.0837305196552068,0.00013574957983344792,0.9234181734874165
36981.43490976099,24486.52651440027,3.976685954483734,7.455572495146013,14.018233901977169,21.511549001131538,33.925577105318595,0.15603229405331462,0.0,0.0,0.0,0.0,0.0,0.0,1.00000001,0.0,0.0,0.0,0.0,0.00010764598954081535,1.00000001
1453820.131437359,1773753.964646948,4.477429749094127,5.144132739265221,9.906183426329017,23.704824453477094,37.37848669430945,2.3304504158854376,0.042136133138493896,0.007526636198923587,0.0005064606717211008,0.3329463038360548,0.8491106118236255,0.0015211999568471312,0.010979950537808536,1.1742115138173103e-05,0.0027145743641513584,3.2782554954290385e-07,0.0,0.004879534293332695,0.999999533162837
132022.6484123673,137773.97227761947,16.352948766510973,2.562938394395092,16.150763519348555,20.655292515878607,119.06899870001315,0.005821287632673382,0.0,8.94069680571556e-08,0.0,0.9992971520217799,0.0,0.001527786270160675,0.0,0.0,0.0,0.0,0.0,0.00016316771670430897,1.00000001
1397738.8960027944,1089361.503350872,2.902636338260894,7.745379278759334,11.020157938482862,25.10233498247827,39.15613457710058,1.112618297469382,0.0,2.384185814857483e-07,0.9999824266296153,0.0,3.2782554954290385e-07,0.0,4.962086727172136e-05,0.0,2.384185814857483e-07,0.0,0.0,0.002677470472407639,1.00000001
28040.542975529457,25507.512629670528,0.6073541166450066,5.724215275837624,10.981740837558197,23.703062063339825,31.943075509004544,3.3402538303490257,0.0,0.0,0.0,0.0,0.0,1.00000001,0.0,0.0,0.0,0.0,0.04184681218986094,0.00010555982695281505,0.965986082676981
17816.204332436333,13574.596351299291,12.3608375591076,6.598454244982045,11.946364050831873,24.47117615354568,28.09847980830499,0.01418843865561515,0.0,0.0,0.0,0.0,0.0,1.00000001,0.0,0.0,0.0,0.0,0.0,0.00016912818124145267,1.00000001
312455.8371873729,267930.17112302704,0.3096306801888335,1.0574883819447667,9.203610603423657,20.153828625646216,79.07476604339062,65.34410566860291,0.9960157374801463,0.0,0.0,5.960464537143707e-08,0.00011783838389933109,5.960464537143707e-08,2.9802322685718535e-07,0.9999562601902973,7.390976026058196e-06,0.9999458889820027,0.0,8.597970094829798e-05,3.206729920983314e-05
339609.2982243102,292782.6154963111,0.22647051818869293,2.22610408242861,13.41848803205504,21.429790501960483,40.7341067508723,16.41135737492994,0.0,0.0,0.0,0.0,0.0,0.0,1.00000001,0.0,0.0,0.00032278895700901746,0.0,0.00025445223109066484,0.9997270207241987
291152.3363127522,188056.10619223266,6.222730161861795,7.252347299447824,11.682826643784992,19.455197338806798,94.90751728850913,0.28730511668724296,0.0,0.0,0.0,0.0,0.0,0.0,3.2782554954290385e-07,0.9999998907907092,0.0,0.0,0.0,0.0057405233957231044,1.00000001
543834.983698469,355690.88071365777,15.438007026165861,6.974723705243998,15.246453352082147,24.696460730032097,150.2945742083016,0.037501454357744456,0.0,0.0001667737977492809,0.0,0.9999418358661174,0.0,0.0,0.0,0.0,0.0,0.0,0.0,0.0002320110821083188,1.00000001
51246.757789089745,43499.15947032994,0.910555696795047,6.264391191373708,6.977086010917485,17.087020877800633,98.22268963312531,0.15510007740891782,0.0,0.0,0.0,0.0,1.00000001,0.0,0.0,0.0,0.0,0.0,0.0,1.1026859393715857e-06,1.00000001
420975.38424862805,390243.1272009326,1.6903266674030266,5.8989038537391565,9.65636149508632,19.821880345208008,99.88406777842842,11.042141617643527,2.9802322685718535e-08,0.0,0.0,0.0,2.384185814857483e-07,0.0,0.0,0.9999994139535462,5.960464537143707e-08,0.00013816356797099113,0.0,0.006030261576873659,0.999935994610871
196207.28347542434,173229.3253405848,8.022823479501795,5.31503618379953,11.425262337403186,19.617346768178763,87.40643680492629,0.05667775870036303,0.0,0.0,0.0,0.0,0.0,0.0,3.3080578181147575e-06,0.9999984602792202,5.960464537143707e-08,0.0,0.0,0.004246801180392205,1.00000001
63192.670513272365,94458.88372806505,0.005039715768609346,1.0000208616257011,18.022897490500668,20.228384976377523,66.25260889818657,45.43498278198714,0.0,0.0,0.07371991946507393,0.996011684364261,0.0,0.0,0.0,0.0,0.0,0.0,1.00000001,0.0,0.0
104462.18176890268,129963.02051801405,3.5163560402351997,7.793081054855159,8.930764321765258,25.61888695407524,76.55740157111073,4.6183735137650785,2.6494264867603776e-05,2.9802322685718535e-08,0.0,0.0,0.752053387533046,0.4925875116969627,0.0,0.0,5.960464537143707e-08,5.960464537143707e-08,0.0,0.000524967914108932,0.9999997715814185
45454.9412848485,43112.01459070867,9.957440951850328,1.717798681092489,19.08870542958394,17.080376628836156,146.59554959043996,1.111483425032725,0.0,0.0,0.0,0.9999998907907092,0.0,1.788139361143112e-07,0.0,0.0,0.0,0.0,1.00000001,0.0,0.0
33460.38915439132,25138.770152398967,21.376905829975836,7.2765930980702604,9.890688662470472,21.50402832547001,50.58421135156855,0.0022292137148618696,0.0,0.0,0.0,0.0,0.0,0.9988552431809962,0.004586994693849682,0.0,0.0,0.0,0.0,0.0007434785440406203,1.00000001
471128.7619276853,286702.35759542516,3.2567864190613864,7.875655124473091,10.97276366279501,21.211679463684316,55.28882652753384,4.487597197822187,6.854534217715263e-07,0.002446860099465549,0.0,0.0,0.0,0.0,0.997898827041366,0.0,0.0,0.0,0.0,0.0010009408097225428,0.9999999503953546
30739.564129071267,28283.497663367423,4.153847886535163,3.4131689702175563,13.027343815808143,24.12035370470558,71.14262685493262,0.108210593474721,0.0,0.0,0.0,0.0,0.0,1.00000001,0.0,0.0,0.0,0.0,5.960464537143707e-08,0.0008856654255741834,1.00000001
68947.40179970273,51777.63641415961,8.373904564825482,7.939564714808683,6.296469214576688,22.711769109538835,32.92708233116423,0.2675512433366829,0.0,0.0,0.0,0.0,0.9999749760489439,8.94069680571556e-08,4.8428774364292616e-05,0.0,0.0,0.0,0.0,0.00018042326153934002,1.00000001
358547.3585478085,435639.94411440566,3.060067249378228,5.698787874735473,10.163775895905491,18.84753227666622,99.42432955366004,9.32878062238771,3.45706943154335e-06,0.0,0.00015994906585425138,0.0004969239284616709,0.999823341831119,0.0,0.0,0.0,1.1324882620573043e-06,0.0004532933280497789,0.0,0.0004265606446006894,0.9995718102276515
308415.03930901573,207165.26495671365,10.634348086135105,2.829812827340123,12.980783170682516,19.32746887654765,50.62653035133802,0.18341615798247007,0.0,0.0,0.0,0.0,0.0,0.0,1.00000001,0.0,0.0,0.0,4.801154184669256e-05,0.00011229515187978744,0.999987016187309
173344.71258971954,156215.95715313876,3.3170380603552405,6.752837785356096,12.806723362345389,19.793582920882763,84.51664537573528,7.592088879047941,2.622604396343231e-05,0.0,0.0,0.0,0.0,0.0,0.0,0.9999998907907092,0.0,8.881092160344123e-06,0.0,0.0006530582970121502,0.999984453187558
137308.68963450452,68932.4947706152,8.628258040482091,1.1199866833016738,14.967179603551331,21.00771141552487,60.114331546015556,20.393409433379905,0.0,0.008742421952887476,3.576278722286224e-07,8.94069680571556e-08,0.0,0.9765993454364645,1.6391277477145194e-06,0.007533073500623703,0.00028163194938004015,0.0,1.00000001,0.0,0.0
282471.78633471054,153840.83199704075,14.20809054854698,2.423366399652628,18.328894981529256,23.122795110643843,123.30658227786337,0.01427203416992247,0.0,1.00000001,0.0,0.0,0.0,0.0,0.0,0.0,0.0,0.0,0.0,0.0015785694280171392,1.00000001
622038.0174519131,458807.1798121365,16.448019700838746,2.788109603098418,8.346684698264774,20.384548192063534,59.50896412388063,0.06311714649942994,0.0,1.2964010368287563e-05,2.384185814857483e-07,5.960464537143707e-08,5.662441310286521e-07,0.0001395940794599056,0.9997298817471766,2.9802322685718535e-08,1.609325425028801e-05,0.0,1.1920929074287414e-07,0.00409767035767287,1.00000001
1164454.240184582,775221.7315720147,16.12001739092874,1.6762126991872248,12.697687989559396,19.76393127902779,119.16574776732463,7.212005407466589,0.0,0.7905967314624858,0.07383528425619036,0.0006366968218576908,0.2229809187299007,0.0004642009781527519,0.00018367171471208332,2.0593404975831506e-05,0.03602495825552851,0.0,1.00000001,1.4185905598402022e-05,0.0
867406.677182237,593494.3626096676,18.572244459704585,7.728079149797852,10.007595961091054,20.687666897907768,69.90892514893673,0.048381537204712326,0.0,0.0021972358446499703,8.94069680571556e-07,0.0,0.0008452236736896634,2.8610229778289793e-06,0.992664108666265,0.0,8.34465035200119e-07,0.0,0.0,0.002068132182775438,1.00000001
229010.92902898346,238264.9777125857,19.191255289839248,2.1512206511254206,13.148478097024272,17.99317455697785,78.49961817615838,0.02025797963380724,0.0,0.0,0.0,0.00034239888533622024,0.0,7.849931795418262e-05,0.9996705155203867,0.0,1.0728836166858674e-06,0.0,0.0,0.001194566500211656,1.00000001
441488.9140765137,502826.5942704907,0.19991607672769549,1.07216474424181,10.739869063246395,18.21847153123038,83.25189888852977,44.47470844315193,0.0,0.0,2.9802322685718535e-08,3.099441559314728e-06,0.999962459073416,0.0,5.894899427235126e-05,0.0,2.1874904851317403e-05,0.0008763074962508678,0.9999557833531343,0.00017499923881053922,7.0333481538295745e-06
519740.58723623236,1031947.5704878991,0.4218232394689849,1.6732634911618476,14.395466751754734,21.332279210426105,64.95236605687614,6.241274029750762,0.0,0.0,0.0,0.9999734859328097,1.0013580422401428e-05,5.960464537143707e-08,2.384185814857483e-07,0.0,2.3901462793946266e-05,4.321336789429187e-06,0.00019913912018597126,0.001998245736077428,0.9999317030764042
2101620.9890000545,1563304.091375659,17.412996917885334,7.759303996682363,9.561858956598707,19.072675709353767,88.10456082625383,0.11369496585276186,0.0,0.6391830508254241,0.0,0.0,0.7094551395789873,0.0,0.0,5.960464537143707e-08,2.9802322685718535e-08,0.0,0.0,0.0034422278748458624,1.00000001
136369.07321137688,116220.41893687505,4.87594838307123,4.3150224733026405,14.268298036694025,17.19014263534018,86.69256374633217,0.024713873866127726,0.0,0.0,0.0,0.0,0.0,0.0,0.0,1.00000001,0.0,0.0,0.0,0.0013047456871807573,1.00000001
206367.14229257495,185641.39851032585,8.070443632945008,5.01701284028754,7.180158916554652,18.819913868454464,135.07979542658418,0.780703574510869,0.0,0.0,3.2782554954290385e-07,0.0,0.9999978642327666,0.0,0.0,8.94069680571556e-08,2.6822090417146684e-07,0.0,0.0026208758616274594,0.00016310811205893754,0.9981715778985857
415456.76839418954,322218.4733076584,13.504964189323536,4.380392794669831,9.503217552657285,18.698915485848296,48.76622617443522,0.17420545222424536,0.0,0.0,1.4960765988230704e-05,0.0,1.788139361143112e-06,0.0,0.9999626974919974,0.0,4.47034840285778e-07,0.0,1.788139361143112e-07,0.0016906857659608125,1.00000001
346359.73965528066,261884.98195114714,1.789623094209644,7.317771443809323,12.655451959437508,20.155440335241444,73.48807111708064,22.51792103317056,0.012714445718117355,0.0,2.9802322685718535e-08,0.0641965574485299,0.0,3.924965897709131e-05,0.9863619903018521,5.960464537143707e-08,2.2947788468003273e-06,2.6553869512975213e-05,0.0,0.0004806518602752685,0.99994064377321
179382.89420926716,156899.97097632612,5.347837092298951,6.290756113934871,15.125903613617607,16.639306072057693,107.16773018739225,0.3568413854065138,0.0,0.0,0.0,0.0,0.0,0.0,0.0,1.00000001,0.0,0.0,3.188848527371883e-05,0.001064121733816266,0.9999890427452516
309213.95553391625,282840.978038234,5.668595196731656,4.294382398066398,11.322148745683096,17.36490917592214,113.50733370119659,0.22097587588048934,0.0,0.0,0.9984163145724808,0.0,0.0,0.0,0.0,0.015249341878796518,0.0,0.0,0.0,0.0010436177358084915,1.00000001
483185.9303053005,539403.6258389417,1.2147205833724148,3.7793856302866216,7.39486259574167,19.61758423308362,99.77856666310089,6.851946861357945,0.0,2.9802322685718535e-08,0.0,2.9802322685718535e-08,0.9999962549073416,5.960464537143707e-08,1.788139361143112e-07,0.0,2.1457672333717347e-06,1.767277735263109e-05,0.00020220875942260024,0.0036384165650859474,0.9998699526637994
182353.43879170564,141848.36832238696,2.450314570301076,1.0448766947433699,11.263456647991267,18.349092487692097,135.554811960937,36.60652131272874,0.0,1.1920929074287414e-07,0.0,0.0,0.9999991755349648,0.0,0.0,0.0,5.960464537143707e-07,0.0,1.00000001,0.0,0.0
646496.370850756,541686.0445530138,12.129061798378663,5.151834017009072,6.86484378903176,19.939995770354784,82.0384559072244,0.07112205029370665,0.0,8.94069680571556e-08,0.0,0.0,0.9999970893723767,0.0,5.960464537143707e-07,0.0,2.0861625880002974e-07,0.0,0.0,0.0008552670564347505,1.00000001
565564.6850410971,422986.5564232863,9.453155330036896,4.656021600224109,7.490886572590221,21.247093205760812,80.11016935469632,0.8672603965825909,1.1920929074287414e-07,2.9802322685718535e-07,9.715557195544242e-06,0.0,0.3586973881828448,2.384185814857483e-07,0.7937326510647678,3.3080578181147575e-06,1.3917684694230555e-05,2.9802322685718535e-08,2.9802322685718535e-08,0.0067555010994306205,1.00000001
1790251.2639654547,1514417.5887109449,1.5012513165777364,3.2908128234687415,13.265146321414546,18.47399425927654,107.12926999232573,41.886305068890735,0.0,0.8909152835292088,0.40099949045637545,0.0,3.069639236629009e-06,0.0,0.0,0.0,0.0,0.03352770242840141,0.0055713058075135945,0.007447242811288833,0.8940136522049069
481729.1707694836,380153.4024862111,5.435395647931559,6.438186057230202,12.100690847437038,21.80163956213528,90.92645124015968,4.805964381068108,1.1026859393715857e-06,1.0460615262687206e-05,0.0,0.0,9.000301451086998e-06,0.0005695223865240812,0.0,0.9997338752584165,1.9967556199431417e-06,1.728534715771675e-06,0.0,0.01448920383637458,0.9999965529305684
73267.73649572978,117783.0606684764,5.387806369694351,2.7416803861703656,17.729887613156244,17.43900108726121,119.17047828995747,0.006297528744484782,0.0,0.0,0.0,1.00000001,0.0,0.0,0.0,0.0,0.0,0.0,0.0,3.9130449686348434e-05,1.00000001
196663.86027761846,191581.90231789558,8.87426991762514,7.646247754054881,12.31371975531436,22.951387411005317,59.81114223854876,0.0675426423629114,2.9802322685718535e-08,7.152557444572448e-07,0.029241800600645542,0.0001102983962598443,1.1920929074287414e-07,0.988386283267957,1.0609626876115798e-05,5.960464537143707e-08,5.364418083429337e-07,0.0,0.0,0.0013913512369054554,1.00000001
237971.20218257344,153955.4129928031,11.219067148184147,5.890813298059721,11.936373001060575,16.203309062644102,146.53931797250954,0.18551111223495959,0.0,0.0,0.0,0.0,0.0,0.0,0.0,1.00000001,0.0,0.0,0.018850445935879943,5.0812960179150104e-05,0.9855120280588555
876377.7590927769,710728.6028541917,4.8594804303373955,7.945588300613645,10.28315780056439,22.39777565546122,64.12815094271721,13.688296826304066,5.722045955657959e-06,1.549720779657364e-06,0.0,2.6822090417146684e-07,0.9999432663776063,6.058812202006578e-05,8.94069680571556e-08,0.0,1.341104520857334e-06,1.6003847282230852e-05,0.0,0.001770257967531681,0.9999636511663234
67782.6650594116,49571.08420788772,13.648801188311644,7.451516995109702,10.51648486161338,21.14766693619849,68.1737124949724,0.07997810841547608,0.0,0.0,0.0,0.0,0.0,0.008365124547686278,0.9971995453418684,5.662441310286521e-07,0.0,0.0,0.0,0.0014616847184437513,1.00000001
509451.5824093183,660108.8022172182,0.18722813135750324,2.213951768225153,7.759195450662934,20.444789891301106,121.49232805346995,25.178781452756976,0.0,0.0,0.0,1.4901161342859267e-07,0.9999982218606388,8.94069680571556e-08,0.0,0.0,1.1920929074287414e-06,0.00043806434115737676,0.283751252150867,0.0017694533048191665,0.7032222222078508
57484.15598069675,39599.06542517667,3.7311557305543492,1.662246675245307,9.68192929490509,17.587960247158836,108.69185925036142,1.9816823306030882,0.0,0.0,0.0,0.0,1.00000001,0.0,0.0,0.0,0.0,0.0,0.9999994139535462,0.0,8.94069680571556e-08
2143945.099489814,1469008.0984449103,17.551467806069933,2.378749640765495,10.005473707910493,22.434860234940583,86.06507212313677,0.00980094075318247,0.0,0.9996847610306304,5.69224363297224e-06,0.00040352344916462897,1.4513731147944927e-05,3.576278722286224e-07,6.556510990858077e-07,2.7477741516232488e-05,6.347894732058048e-06,0.0,0.0,0.008848846047198176,1.00000001
401241.9484999198,345445.08279410243,6.489239647196584,3.919491056798265,10.591500346935815,21.96287727886047,50.3187441846543,0.15438824893860398,0.0,0.0,0.9845500090825605,0.0,0.0,0.0,0.05619275626108527,0.0,0.0,0.0,0.0,0.0005166232637569308,1.00000001
110483.963895147,106511.93644441741,6.883432223738143,5.5936774081050595,9.333839718971817,21.8621635489706,33.721502126479706,0.162165164966588,0.0,0.0,0.0,0.0,0.0,0.9992616276531385,0.004401058002613484,0.0,0.0,0.0,0.0,0.0024077296497792004,1.00000001
68965.85122966894,74556.85919442248,3.5204051029654493,6.087074048633826,9.524348084693639,24.109109884511636,59.28858220830002,0.10311126710197448,0.0,0.0,2.9802322685718535e-08,0.0,0.0,0.9999995927674823,0.0,0.0,0.0,0.0,0.0,0.0015860796133339405,1.00000001
267482.09038186,240782.46107553996,5.907451083271701,2.0710748747391063,12.988653844819565,18.9814395948233,52.27568119981127,0.16227915884973435,0.0,0.0,0.0,3.87430194914341e-07,0.0,0.0,0.9999994139535462,0.0,0.0,0.0,0.0,0.0008062422356167435,1.00000001
267143.2917588441,369801.7039493603,6.368226482635437,3.1926682622762126,16.222600944614697,19.065294270142473,84.78690117981103,0.03349646926320284,0.0,0.0,1.788139361143112e-07,0.9999992351396101,0.0,0.0,0.0,0.0,0.0,0.0,0.0,7.662177162498236e-05,1.00000001
59426.93686350234,39620.93997891312,15.14963436638521,7.124381670164217,14.510924584622977,18.550137524070845,94.2993545575457,0.008022636176099478,0.0,0.0,0.0,0.0,0.0,0.0,0.21580836392680613,0.9761551716191565,0.0,0.0,0.0,0.001159638178023994,1.00000001
704525.791546601,507029.80713170615,10.310135487224915,2.953785958697037,10.432943438491247,20.87972832222316,73.22926968660357,2.6899491253679626,0.0,0.0010535717115855217,4.172325176000595e-07,1.4901161342859267e-07,0.0,0.0,0.9986803631514763,2.9802322685718535e-08,1.788139361143112e-05,0.0,0.9999734263281643,1.9282102777659894e-05,8.523464288115501e-06
1371683.0828699076,1162742.1243657586,5.48335366434333,6.401990302173611,10.863248889850864,21.8850288443879,48.89144554933674,5.280500651027118,0.0005358159595665336,0.0017797351061457395,3.808736839234829e-05,0.05831632076405614,1.2904405722916125e-05,0.9135042520320761,0.08603489484991192,9.834766486287117e-06,0.00036126375559628006,4.768371629714966e-07,4.47034840285778e-07,0.025613934057790336,0.9999961356980508
26296.233233269475,23953.898491674685,1.8455080992257775,3.7259633878072735,10.13806415086952,25.152711874583854,35.99752858414456,3.6651794616719657,9.447336291372775e-06,0.0,0.0,0.0,0.0,1.00000001,0.0,0.0,0.0,1.0430812940001488e-06,0.0,0.00017186999492853878,0.9999951224190795
101918.02401234998,108102.52899468201,8.434862807262459,2.727461519324949,12.543721681846003,23.38650704004754,78.4263008868022,0.04999518395058393,0.0,2.6822090417146684e-07,7.808208543658256e-05,2.056360265314579e-06,0.0,0.9999603133061825,2.6822090417146684e-07,2.9802322685718535e-08,3.397464786171913e-06,0.0,2.6822090417146684e-07,0.0003571212327429652,0.9999998907907092
193027.08627973346,200641.2661086026,9.88417408800264,2.669518979788668,18.64593745165856,23.110099798139874,114.33378041325604,0.23803696039139238,0.0,3.2782554954290385e-07,0.0,0.9999890427452516,0.0,9.030103773772715e-06,0.0,0.0,1.1920929074287414e-07,0.0,0.01471048608231604,2.8371811196804045e-05,0.9923797945078432
667871.9922243356,473603.92655428906,3.989388014233814,1.077392667642528,13.247507399668475,23.747201925414164,68.49037856163523,30.371861461397867,0.0,0.002965658932778537,0.016684323716113864,2.503395105600357e-05,8.94069680571556e-08,0.0,0.9557679987163102,1.1920929074287414e-07,0.02627220776127249,0.0,1.00000001,5.960464537143707e-08,0.0
660886.180792887,569996.0572772113,3.075731564607214,4.016644064921216,11.282484954007714,19.807736401416967,98.23023871039813,12.880214454258848,0.0,8.94069680571556e-08,0.0,0.0,0.0,0.0,3.129243882000446e-06,0.9999988775117379,6.854534217715263e-07,0.0,0.9991587500352275,0.0004362165971508622,0.0004567503974813223
262057.02618240158,192543.16742931397,14.049058537461148,4.765216773166815,10.188834880673895,19.00027847727548,97.36235052795196,0.03712147474725663,0.0,0.0,0.0,0.0,1.1026859393715857e-06,0.0,0.9507620429701447,0.08965149611479192,1.4901161342859267e-07,0.0,0.0,0.004957556774123907,1.00000001
103014.92648488654,104284.03050711707,14.409674768547639,5.046988493025064,14.307633883613697,22.391420369814703,59.1863355065774,0.02509891987142205,0.0,0.0,0.0,2.9802322685718535e-08,0.0,0.3588768577700582,1.1920929074287414e-07,0.9607226944674563,5.960464537143707e-08,0.0,0.0,0.003984153310562968,1.00000001
321955.4300411873,332626.0734818357,0.15430016522852005,1.042178869307692,11.844013994611718,20.7113046695216,75.85565120319487,46.33171439715916,0.0,0.0,0.9999861817222737,6.341934267520905e-05,2.9802322685718535e-08,5.960464537143707e-08,8.34465035200119e-07,0.0,1.8179416838288306e-05,5.960464537143707e-08,1.00000001,5.960464537143707e-07,0.0
210456.02050357134,175638.3039727035,2.2889580972775083,2.0767876223211204,9.023421232228843,18.253799442618373,69.1647744209113,5.287791193153678,0.0,0.0,0.0,0.0,0.0,3.904104271829128e-06,0.9999964337212777,0.0,0.0,0.0,0.7462409809350049,0.00018167495909214018,0.4210571390772858
42100.49947281008,37644.07058687394,5.088430668642587,3.605398420241163,8.63065857106159,17.853157047473644,109.75297242914584,0.17621681096242756,0.0,0.0,0.0,0.0,1.00000001,0.0,0.0,0.0,0.0,0.0,0.6636468834484499,3.576278722286224e-07,0.3334827456443977
281422.03240542096,137328.1480395623,24.781026085642477,5.4536500040735385,17.293200381884454,24.417083746302215,97.27209285349169,0.0019505620005041359,0.0,0.9999967317445045,0.0,0.0,0.0,1.606345192760229e-05,0.0,0.0,0.0,0.0,0.0,0.0024824738750749823,1.00000001
157117.7866818621,170251.9555264571,3.861581422203026,1.8638676119270745,15.283648796206915,19.56355095364779,135.39648473905845,10.245010257972568,0.0,1.0401010617315769e-05,0.9997038941217946,0.0,0.0,0.0003379881415787339,0.0,0.0,7.152557444572448e-07,0.0,0.9999997715814185,1.0102987390458583e-05,0.0
71521.3768168069,121412.1532978948,0.08881208899637372,1.0038304030949954,15.802846677675923,17.495948795408893,120.5460956749386,43.06715757161412,0.0,0.0,0.0,3.87430194914341e-07,0.0,0.0,0.999999056325674,0.0,2.9802322685718535e-08,0.0,1.00000001,5.960464537143707e-08,0.0
101570.28021116866,144233.56271750652,7.646996357640208,1.788468689852809,17.68320179827653,15.70037842131262,121.79662734843413,0.2841715514994201,0.0,0.0,0.0,0.9999992351396101,0.0,0.0,0.0,1.1324882620573043e-06,0.0,0.0,0.9767277338425946,7.569789962172508e-06,0.013980180164902507
38118.77704192046,26505.75615335765,1.112506890672783,1.0000123083591637,17.307690032617675,23.488353735025658,53.18002462608521,77.07755685759395,0.9999939899308175,0.3481860195646238,0.8558746661896669,0.0,0.0,0.0,0.0,0.0,0.0,1.00000001,0.0,0.0,0.0
363287.55754397565,424564.822836128,1.2692638401504852,1.1649678947898066,14.048673934473811,21.167724614427414,93.44557077120507,28.75188678841294,0.0,0.00025844574233055114,7.778406220972537e-06,0.9993540148534643,1.2785196432173252e-05,1.788139361143112e-07,2.056360265314579e-06,5.066394856572151e-07,0.0003402829204255342,0.0,1.00000001,2.6822090417146684e-07,0.0
1185860.7969659837,993086.9049523907,13.110916285175824,2.546287061992917,9.223393683057253,18.366725925807962,109.07285810024973,0.054828524595988984,0.0,1.4901161342859267e-07,7.092952799201011e-06,1.4901161342859267e-07,3.3259392117261886e-05,0.0,8.94069680571556e-08,0.9999502997257601,2.2649765241146085e-06,0.0,2.0861625880002974e-07,0.008707672444635927,0.9999998907907092
342976.7850878399,269986.20556668384,3.780027653063841,2.8851712373007983,12.420468276693166,19.527723316917843,70.95746815517222,4.989978373637745,0.0,0.00031635165530890223,0.0,0.0,0.0,0.0,0.999570439320808,0.0,0.0,0.0,0.9999913077217757,4.023313562572002e-06,6.616115636229515e-06
383879.91675444425,288159.61953243904,4.54218123112589,6.136237390226276,9.532303874263466,19.47957993006198,50.854629876324545,1.8630248310373556,0.0,0.0,2.384185814857483e-07,0.0,0.009710401393719613,0.0,0.9934833745168954,0.0,2.384185814857483e-07,0.0,7.390976026058196e-06,0.0011867880939906835,0.9999981622559935
273917.95971401257,185168.31788388282,2.787034274089149,1.2148033979623492,14.150679773870225,19.546861653105466,71.04505837276704,13.993443252302415,0.0,0.0,1.00000001,0.0,0.0,0.0,0.0,0.0,8.94069680571556e-08,0.0,1.00000001,5.960464537143707e-08,0.0
1495206.861798532,1032067.012495603,9.702484086453525,2.275865109597399,11.573011463431033,21.340850835184643,71.6959759624649,4.304391295224187,0.0,0.9461543058597057,0.09334230516315936,0.0013881027837327122,4.523992583692074e-05,2.6822090417146684e-07,0.00017052889040768146,9.77516184091568e-06,0.0002093911191898584,0.0,0.9996729593108469,0.0001956820507544279,8.878111928075551e-05
385454.26811156096,512452.0923448053,0.22075860507793757,1.11649757640315,12.4323068320348,20.514751439174532,68.59897136988741,43.58861119067876,0.0,1.1503696556687355e-05,1.0728836166858674e-06,1.767277735263109e-05,3.2782554954290385e-07,0.0,0.9998768668026625,2.0861625880002974e-07,6.178021492749452e-05,0.0,1.00000001,1.5795231023430823e-06,0.0
32425.35749749902,48553.917459142875,1.218355036193467,1.3630506997526526,19.636440763287453,16.291124347400547,46.353537591175886,2.1952840688427107,0.0,0.0,0.0,1.00000001,0.0,0.0,0.0,0.0,0.0,0.0,1.00000001,0.0,0.0
97199.62888796104,144383.90687255227,6.694514777537845,7.849441240082005,16.452551551547163,18.828699116259948,56.3057784759903,0.927948206772302,8.94069680571556e-08,0.0,0.0,0.9991992811940801,0.0010828077901402116,0.0,0.0,0.0,0.0,0.0,0.0,6.365776125669478e-05,1.00000001
39236.55159684305,34307.50671178822,7.298963978372239,5.343271142488548,7.400994661994437,21.593053822934355,37.609794141277945,1.6575749220413984,0.0,0.0,0.0,0.0,0.0,0.9999983410699296,2.139806768834591e-05,0.0,0.0,0.0,0.02108761689292878,9.211897942155598e-05,0.9869459966172015
113319.58537359015,119856.10865392824,15.648694139045267,2.341714622506945,16.190672643741948,16.19117546431267,68.2380801469151,0.0021025538446992633,0.0,0.0,0.0,1.3172626627087593e-05,0.0,0.0,0.9999927382332646,0.0,0.0,0.0,0.0,0.0004299581093868613,1.00000001
76725.7932881845,129113.3850736793,5.232923986295468,4.506539707424809,18.82670510711726,17.127120021795097,102.01923043007676,0.017567723991553486,0.0,0.0,0.0,1.00000001,0.0,0.0,0.0,0.0,0.0,0.0,0.0,1.0818243134915828e-05,1.00000001
19471.621366677296,15516.744229471096,24.44820547929835,5.137889689157883,18.878392705370327,23.83856583230307,86.15818903240707,0.00016972422601789234,0.0,0.0,0.0,1.0222196681201458e-05,0.0,0.999999056325674,0.0,0.0,0.0,0.0,0.0,5.48362737417221e-05,1.00000001
1063475.6646746676,1021543.6160726779,5.619715334883478,7.228144893006847,9.159359340260954,22.83593178352783,93.40238005350572,0.5730776489455184,0.00010591745482504367,0.09818714955288588,0.00016564130948722362,0.3530641531487903,0.5660224017478704,0.014191776655971109,0.0009953379730576275,0.001044750224070549,0.0002667903926825523,0.0,0.0,0.004298090977734327,1.00000001
132583.9583422484,86403.66611840262,13.16666808573177,6.7411727987290195,12.586667424473571,18.746339802269365,89.45401505043267,0.018439143898272215,0.0,0.0,0.0,0.0,0.0,0.0,1.00000001,0.0,0.0,0.0,0.0,0.0003907978573778271,1.00000001
716888.2141291117,828430.7154980786,7.555418732334611,5.403238720031643,12.407717233844227,19.042552952386345,105.75550646080883,0.24933755400730012,0.0,8.94069680571556e-07,7.450580671429634e-07,0.8051477751184332,0.26318985486959995,3.87430194914341e-07,1.1920929074287414e-07,0.0,1.0132789713144302e-06,0.0,0.0,0.0026329458023151755,1.00000001
263836.3712058095,198773.59587767633,1.149889707953784,1.4745665199383586,13.35654652754709,18.741127018454257,65.41530639217363,17.880624534803186,0.0,0.0,0.9999998907907092,0.0,0.0,0.0,0.0,0.0,1.788139361143112e-07,0.0,1.00000001,2.0861625880002974e-07,0.0
28093.09589725139,41219.518477367215,5.057843925277457,3.6698176600926353,19.12363029436955,15.827054027126131,85.07318497089092,0.00048130750661790365,0.0,0.0,0.0,1.00000001,0.0,0.0,0.0,0.0,0.0,0.0,0.0,3.0398369139432907e-06,1.00000001
88183.63472871554,47614.17968632228,17.58016410467887,7.985905895676277,7.8648687638541235,22.361541753472356,31.937665046386392,1.5412859620477064,0.0,0.0,0.0,0.0,0.03435629640603244,7.259845806241035e-05,0.9247221443142074,0.0,0.0,0.0,0.0,0.000253587963732779,1.00000001
1529140.7678848698,821695.2626305153,24.289736279110535,7.953633795181565,14.18049771268905,17.061918262436343,68.41716006697777,0.0022900104525399208,0.0,0.9999995927674823,0.0,0.0,0.0,0.0,1.0728836166858674e-06,0.0,0.0,0.0,0.0,0.002119690201021731,1.00000001
1095425.0457134277,561727.8231799725,8.623097470335695,1.7411367903806663,13.224590069392518,22.1402740532079,79.51106086729797,53.46950472030267,0.0886740991399911,0.9999994139535462,0.0,3.2782554954290385e-07,8.94069680571556e-08,0.0,0.0,0.0,0.0,0.9948392013851595,0.0,1.996755619943142e-05,0.0028563440131673216
569384.2761177382,401896.3616851021,4.056661559521739,5.392429477290829,10.747829859606387,22.27250290456758,34.86293539532372,0.6762218476137352,0.0,0.0,1.00000001,0.0,0.0,0.0,0.0,0.0,0.0,0.0,0.0,0.0005056560090085864,1.00000001
244147.6613479284,123504.81893868168,6.762910416026833,2.4045667370357444,14.980107135753533,16.26139450425161,99.48343202930623,1.3790270687771982,0.0,0.0,0.0,0.0,0.0,0.0,0.0,1.00000001,0.0,0.0,0.999998102651348,3.9637089172005654e-06,2.9802322685718535e-07
535685.3673161217,622500.1944717674,6.2907323620114175,5.16824502348317,8.71868169722884,17.225504879003577,150.91563255317448,1.4610722662737279,0.0,0.0,8.94069680571556e-08,3.576278722286224e-07,0.8745823589998822,0.0,0.0,0.5517349894384008,4.47034840285778e-07,2.175569556057453e-06,5.960464537143707e-08,0.006837695905397832,0.9999991755349648
148822.25208069108,174653.94905456333,2.0899250514415297,7.452575931230295,14.173881239487963,23.549934393003888,82.21058532965945,5.95985859702608,7.674098091572522e-05,0.0,1.2904405722916125e-05,0.0024501085526382922,2.0861625880002974e-07,0.9995588164149606,0.0,0.0,1.1920929074287414e-07,1.0430812940001488e-06,0.0,0.0010004043679141999,0.9999961356980508
2397372.80567356,1425767.8347577401,15.878389793038272,1.9553679539500317,12.672048217132026,21.990478520934523,89.98131722621999,0.022322535517457723,0.0,0.999999533162837,0.0,0.0,0.0,0.0,0.0,7.152557444572448e-07,5.960464537143707e-08,0.0,0.0,0.0367747548919785,1.00000001
187045.74381311206,177360.6646680948,7.488216641094867,2.4613207897558294,13.118164485979259,23.356544500365327,92.73411527700317,0.1847536862113872,0.0,6.845593520909548e-05,5.066394856572151e-07,4.51803211915493e-05,2.9802322685718535e-08,0.9999035696837889,8.94069680571556e-08,5.960464537143707e-08,1.0132789713144302e-06,0.0,1.1920929074287414e-07,0.006626993484009802,1.00000001
2270397.492478227,2161255.6078232033,13.212160496406929,3.2394934328600735,10.978607838613376,20.386254315416117,162.66695977040231,2.4746628108551776,1.4901161342859267e-07,0.880185136060152,0.000854790219271779,0.0025818944235545395,0.2702441838586002,5.662441310286521e-07,7.74860389828682e-07,0.0002186894438678026,0.0004505515143626928,2.175569556057453e-06,0.017893314540505408,0.0074061156059825415,0.9906295637011563
53758.30291691429,31648.706787393727,13.629172496631734,7.57923270211741,11.937942629776837,20.5938787509058,87.82219395440555,0.009225904942644237,0.0,0.0,0.0,0.0,0.0,0.0,1.00000001,0.0,0.0,0.0,0.0,0.0003133416207176447,1.00000001
681285.1005255281,551130.1227173713,13.258977894494034,5.600401527301067,11.675123697118421,19.918585781944774,93.59634891581082,5.798415393319419,0.0,0.02646431353330463,0.0,0.0,0.9926601151550251,1.1324882620573043e-06,0.0,0.0,1.0430812940001488e-06,0.0,0.9999710421423494,2.0444393362402916e-05,1.0728836166858672e-05
1826359.593777507,1066390.7914216304,14.231649212876839,4.634030526107457,12.462370103571638,21.897562032258026,125.38467646236859,0.039044171576325,0.0,1.00000001,0.0,0.0,0.0,0.0,0.0,0.0,0.0,0.0,0.0,0.011457592363492548,1.00000001
589849.9119708631,264270.69716897473,22.538365800842463,2.3606922347910597,15.99574077891066,22.453285222739307,70.60188860011937,0.21353080871233135,0.0,0.9763994314558887,5.960464537143707e-08,0.0,0.0,0.029315412337679266,0.0,0.003121554882747531,1.9669532972574233e-06,0.0,0.2897043257119846,0.000802695759217143,0.5423007661690098
15940.325927993064,13615.567737662797,1.3941514019907726,3.2541090878263264,12.429156309324409,22.207935338629433,93.85004789067162,1.0430186988150298,0.0,0.0,0.0,0.0,0.0,1.00000001,0.0,0.0,0.0,0.0,1.1622905847430228e-06,0.0001249313366985321,0.9999987583024471
1116557.4700556344,1217749.856317722,0.040933465971470476,1.00173422694454,12.28735525001082,22.843029027792745,55.72868958350084,57.06452727989157,0.000568807130779624,0.9887806276017344,0.004341840787436962,1.9699335295259953e-05,0.00013744831222653388,0.013608366387075483,0.01218268287443608,3.2633543340861795e-05,0.015897184769338667,0.28835454871522576,0.999998579488511,0.0006604194707155227,0.0
1689326.359524533,1340633.2868684686,12.116830806057331,1.6351655730738224,13.505280739539607,25.520221716617648,124.27030712952106,0.34572824839844674,6.258487764000893e-07,0.936464021033799,0.0012874603400230408,0.2248429678513044,9.95397577702999e-06,3.6060810449719427e-06,1.0132789713144302e-06,4.47034840285778e-07,0.0011500418301191924,0.0,1.588463799148798e-05,0.0025773644705063105,0.99999279783791
1574239.001753185,1267076.1069555662,5.10407028370677,7.636491188946949,11.995281642426974,21.350685124738497,82.39298940076141,17.34053671564022,0.0,7.843971330881119e-05,0.0,0.0,0.999974022374618,0.0,0.0,0.0,0.0,0.0008061230263260007,0.0,0.00024059415104180572,0.9994354347990417
962022.9947219852,686703.3985487979,8.517040255562925,6.005515522955027,11.591733103549963,23.47114182095778,90.2682809572852,0.261423438818216,2.562999750971794e-06,0.9999808769088357,1.281499875485897e-06,6.7353249269723884e-06,3.576278722286224e-07,6.556510990858077e-07,3.87430194914341e-07,5.662441310286521e-07,1.400709166228771e-06,0.0,0.0,0.0038199723148873445,1.00000001
924803.5992386343,1017811.7477622121,0.6977840664359942,4.845806484948049,8.503472332235308,20.81754017370519,89.27900314737614,12.477043421544257,0.0,0.0,0.0,0.0,0.9999992351396101,0.0,0.0,0.0,5.662441310286521e-07,0.0001482665553614497,3.8146973037719724e-06,0.002950519352854192,0.9998914103361332
246881.15870898284,120558.5248794653,3.5855306160642333,7.169687279932003,9.750551109188713,18.898254398874457,90.83506614384342,32.31724813960716,0.030247301165739,8.94069680571556e-08,0.0,0.0,0.0035485029575431344,1.0132789713144302e-06,0.9982682566333783,2.8192997260689732e-05,5.4240227288007734e-06,0.009215682837136686,0.0,0.001069426547254324,0.9887714484863471
347676.17170862725,311576.50291487627,15.083287959426151,3.386495295596016,10.964001780008857,20.907038693630618,101.61272511356002,0.005841553211899399,0.0,1.1920929074287414e-07,0.0004057288210433721,2.9802322685718535e-07,3.576278722286224e-07,2.9802322685718535e-07,2.384185814857483e-07,0.999887536034184,4.172325176000595e-07,0.0,0.0,0.0019203424645769596,1.00000001
1075780.1299569816,975554.1029174887,1.7078814273882053,2.7207044387603343,9.224711094719028,17.93107223914838,127.47598589069085,36.42989159058958,0.0,8.94069680571556e-07,0.0,0.0,0.9999988179070926,0.0,0.0,0.0,4.172325176000595e-07,0.0891419658038342,0.060289174921205335,0.0016612410711473226,0.6300376716675031
90179.5276068784,58362.05069639989,1.4107243304250214,1.056705445132201,16.86100424138934,18.820198063400845,62.4016089764288,21.470849218510324,0.0,0.0,0.9999998907907092,3.069639236629009e-06,0.0,0.0,0.0,0.0,0.0,0.0,1.00000001,0.0,0.0
480700.1025647016,503396.0270979157,0.8452978613848169,2.2221739607627624,11.817877298260617,20.722174649383394,91.99096993032352,30.208900872446655,0.0015607774413737654,6.9141388630867e-06,2.413988137543201e-06,0.00012689828999578952,2.056360265314579e-06,0.9992759327680277,2.0265579426288605e-06,0.003249764474941492,4.830956507354975e-05,0.010000109772547483,0.000163376332963109,0.014917522818013727,0.9701502420165657
248946.93579156316,250942.32324827355,1.8360355860237247,7.187923261422441,8.405620251128303,16.517517093442976,102.31453359600452,4.706432521896929,0.0,0.0,0.999999533162837,0.0,1.341104520857334e-06,0.0,0.0,0.0,0.0,0.0,0.00032639503805398937,0.00037601590532571077,0.9998650054782336
442256.52217783517,299986.63519351475,17.41495705239222,5.808777041152366,13.35723120610195,24.389827734330805,72.53140136920214,0.004965066910374164,0.0,0.9999997715814185,0.0,0.0,0.0,1.1920929074287414e-07,2.9802322685718535e-08,0.0,0.0,0.0,0.0,0.006797730990676283,1.00000001
626252.314515104,563044.9838085315,6.284602310396492,2.1102127448683365,11.9427028355248,18.20403290207548,122.3911970911442,4.500790089898325,0.0,4.708766984343529e-06,2.0861625880002974e-07,7.161498141378165e-05,5.960464537143707e-08,0.0,8.94069680571556e-08,0.9999562005856519,1.6957521608173846e-05,0.0,0.9998673300594031,0.0001595318333366513,2.7120113644003866e-05
1347873.0685301803,1128551.1552302737,3.841006184921905,4.9855927285864645,10.19374216088291,21.711740498996832,91.03665963230857,3.7433438007467132,1.281499875485897e-06,0.9887133935617554,1.1473894234001636e-05,1.2040138365030288e-05,2.3841858148574828e-06,1.9073486518859862e-06,0.05006715705393999,8.642673578858375e-07,5.975365698486566e-05,2.9802322685718535e-07,2.0861625880002976e-06,0.030331880157521068,0.9999979834420573
1168933.3517930456,588982.1282750324,13.600663213556306,1.8291968417092404,13.939913935146814,22.366813665095098,92.43525550192147,0.6338237226755044,0.0,0.9999996523721277,0.0,5.960464537143707e-08,0.0,0.0,0.0,0.0,4.47034840285778e-07,0.0,0.9990230898623621,4.103779833823442e-05,0.0002692937877881527
102184.32942065015,87297.7451004876,4.376228763151429,1.45797756379703,10.913458233308152,18.139460567765752,141.48023904044163,13.01266521368529,0.0,0.0,0.0006285905900871754,0.0,0.9997679095109235,0.0,0.0,0.0,2.9802322685718535e-08,0.0,1.00000001,5.960464537143707e-08,0.0
37759.292694397016,26075.209381402165,9.363229087178146,7.53622771243195,15.156225986545406,22.316516881632115,34.10708040122634,0.13142988087292998,0.0,0.0,0.0,0.0,0.0,0.9991310338751298,0.0,0.017261415892600118,0.0,0.0,0.0,0.0019969940385246277,1.00000001
1886526.1666233772,1151049.8281784882,9.711810162964245,7.191898235583545,9.88506353372176,19.645336155699717,86.34820610676334,1.2229922415264802,0.0,0.9999999503953546,0.0,0.0,0.0,0.0,2.9802322685718535e-08,0.0,0.0,0.0,0.0,0.021988481503072678,1.00000001
306089.66570175934,235723.36289749361,6.529046609223276,7.219479808155601,12.022206908228828,20.95358753702895,98.74649331428736,1.3669437171636856,2.9802322685718535e-08,1.4901161342859267e-07,0.0,0.0,4.47034840285778e-07,0.00044152141058892007,0.0,0.9998478393403667,2.6822090417146684e-07,0.0,0.0,0.011585891362654565,1.00000001
2330651.0944533315,1774558.4621232552,24.692881783244534,7.150296816075262,15.49076343320358,26.680461890320068,94.38376009897001,0.03778263926950544,0.0,0.004613667772653401,0.6240707102240138,0.5535702760740328,1.668930070400238e-06,0.0,0.0,0.0,3.2782554954290385e-07,0.0,0.0,0.0006061196387821435,1.00000001
627373.8162275956,590454.6676781479,17.374671083598095,3.8684299331157774,11.085332577738905,17.868078235832797,66.79020315699938,0.3352560103334024,0.0,0.0,0.0,2.8431415842175482e-05,0.7197397423238927,1.6987323930859565e-06,0.4518634722119635,0.0,8.046627125144004e-07,0.0,2.9802322685718535e-08,0.0029528141317009923,1.00000001
153990.14240789317,134638.79318296452,5.644737483977929,3.791309926921164,15.370502836870985,13.001329424497486,118.70247036776092,1.50520056503838,0.0,0.0,0.0,5.990266859829425e-06,0.0,2.384185814857483e-07,0.0,0.9999967913491499,0.0,0.0,0.99792994066625,4.8041344169378275e-05,0.0008648037996941805
44963.88827514177,45701.197879799074,0.2984944344575322,1.0102670490888401,11.934082394560766,24.921070105102288,39.34759289176761,65.36009014421744,0.934645244884935,0.0,0.0,0.0,0.0,1.00000001,0.0,0.0,0.0,0.9999681811193716,0.0,1.567602173268795e-05,2.1010637493431565e-05
717473.5642253124,476328.0029247542,21.76442318697931,2.4356561919694553,14.260877973671693,22.7227230127405,110.26546121157799,0.0036148726944407817,0.0,0.9999874334198265,0.0,1.4901161342859267e-07,0.0,2.0533800330460072e-05,0.0,0.0,1.1920929074287414e-07,0.0,0.0,0.009851902821831404,1.00000001
167209.25215762283,100497.82302744882,3.728132606812178,7.688728699702726,7.7493808902448995,21.946321492722483,74.90179419850347,14.918736668196107,0.0014900267273178695,1.4901161342859267e-07,5.960464537143707e-08,0.0,0.01405680193652749,0.00024738908061414956,0.9853355387039107,1.6003847282230852e-05,4.112720530629158e-06,1.8209219160974024e-05,0.0,0.001347661031848192,0.9999625782827066
278903.03296245856,190476.71653149693,13.501511459143536,6.867231258191024,10.148457621400212,20.98385239146956,109.05279696495666,0.10184720159775167,0.0,2.8908253005146977e-06,5.960464537143707e-08,1.788139361143112e-07,3.874301949143409e-06,2.0861625880002974e-07,0.8853848069037746,0.22957968941432713,6.854534217715263e-07,0.0,0.0,0.006787747212576568,1.00000001
66695.26683867582,70536.10788858007,7.834415915274937,5.0831187425769535,8.163588259531268,21.376014714590163,64.43779096286517,1.3016226889234261,0.0,0.0,0.0,0.0,0.999999056325674,1.549720779657364e-06,0.0,0.0,0.0,0.0,0.9856705764155435,4.231929821372032e-06,0.006034910739212632
2770135.7111099656,2391622.0886639594,23.295462902309787,7.1389163820227495,8.446022544352802,19.491481785534447,99.52868000132011,0.03449454904008418,0.0,0.0032388568248385187,0.0,0.0,0.9944251875184095,0.0,0.0,0.0020062923632025715,0.0,0.0,0.0,0.010365456446351706,1.00000001
561086.8779377827,429694.0584721865,16.22054529738055,1.9619641913804906,12.06614399530877,18.741744045737164,67.89160132705022,0.009187906981595455,0.0,2.5331974282860754e-06,8.94069680571556e-08,1.2874603400230407e-05,2.0861625880002974e-07,1.1920929074287414e-07,0.9976029495817422,0.003244668277762234,1.7374754125773906e-05,0.0,0.0,0.002400457883043885,1.00000001
184315.41453599124,195471.23269374997,0.09295907023709357,1.00008657574666,9.843386386551876,22.409328466133775,94.36934769586259,73.97856981432545,1.00000001,8.732080546915531e-06,4.053115885257721e-06,0.9857620695461886,0.04297357840596258,0.0002151131651455164,2.8938055327832698e-05,9.885430434852838e-05,0.003173500331188738,1.00000001,0.0,1.6987323930859565e-06,0.0
107416.69957379474,112364.76842947202,2.061624837618187,4.92430627906654,16.13435501628517,13.154788973495638,133.40180814899037,0.4696041346148789,0.0,0.0,0.0,0.0,0.0,0.0,0.0,1.00000001,0.0,0.0,0.0003995299379247427,0.00014129281185299157,0.9998700122684449
23906.379800070543,17931.278303808584,3.9196647418866504,1.0812416375843974,11.908467656084213,23.87079811685904,24.244405627981152,59.45079923375507,0.9976079563719534,0.0,0.0,0.0,0.0,0.9999875526291173,0.0,0.00035059452407479286,0.0,0.9999405245639192,0.0,8.34465035200119e-07,2.1010637493431565e-05
618958.267152705,606691.1419928113,0.9254093173292399,1.2238848808625906,9.340470586694623,18.377595905669757,108.5563129237172,50.88424504401891,4.7683716297149655e-06,0.0,5.960464537143707e-08,0.0,0.0,0.0,0.0,0.9999999503953546,5.960464537143707e-08,0.8942514151352936,2.8610229778289793e-06,0.0017208755188414453,0.08015379389808028
574879.224521614,587533.893931624,6.188045837585552,4.797003632247716,10.689214115464553,21.06181145216287,44.63086605249616,0.24363279345517633,0.0,0.0,1.00000001,0.0,0.0,0.0,0.0,0.0,0.0,0.0,8.94069680571556e-08,0.00021275878165334463,1.00000001
722550.1391920757,550816.2402320101,8.591647103351193,2.6582716429081286,12.537001317749024,21.197559361751193,76.90681517467289,0.729079544629994,0.0,0.9999999503953546,0.0,0.0,0.0,0.0,5.960464537143707e-08,0.0,2.0861625880002974e-07,0.0,0.7131272625710308,0.00019541382985025643,0.3219864996683818
675102.4915501843,358521.5521316958,3.9809784902670446,6.709422238876837,11.75529867970436,16.74585724244011,72.17405513247805,41.45083830248208,2.622604396343231e-06,0.0022782087553870674,0.0,0.0,0.9988832573643207,0.0,0.0,0.0,0.0,0.47721410274882553,0.0,7.450580671429634e-06,0.4954395343733406
2213726.434358379,1627906.5928621644,4.096809913111963,7.920145879140988,13.062156027815076,14.115612032877927,54.90908295146456,7.652498037523294,0.0,0.06771051951408028,0.0,0.0,0.9665626384116589,0.0,1.0430812940001488e-06,0.0,0.0,1.400709166228771e-06,0.0,0.0021565258718612788,0.999999533162837
2270989.1787422947,1321292.7092140615,12.497567967822311,7.580836961133831,12.266866212964167,23.418611532245073,46.40758410282874,0.003564208746375739,0.0,1.00000001,0.0,0.0,0.0,0.0,0.0,0.0,0.0,0.0,0.0,0.0041221380645978445,1.00000001
268267.9615552692,116499.40630079944,2.7674417505077007,1.4854195720931451,16.238958128078906,22.42350388117727,59.33167413130066,50.12209207409206,0.00040385127471417187,1.00000001,0.0,0.0,0.0,0.0,0.0,0.0,0.0,0.872649916792295,0.0,3.5166740769147872e-06,0.03404051099485457
183241.99315613892,155303.82298384272,11.500574926446976,6.361282594710366,10.234564398632376,19.695181851210897,105.18591434251637,0.07371097803983032,0.0,0.0,0.0,0.0,2.9802322685718535e-08,0.0,0.41638470112429615,0.8599166956108856,2.6822090417146684e-07,0.0,0.0,0.005369842106158137,1.00000001
676674.0475391244,569681.3067540035,12.002461985828264,3.9317341190735218,12.475987321118865,18.285077099183326,144.88700569367722,0.11084511877410322,0.0,5.960464537143707e-08,0.9987763266305243,0.00028195977492958304,5.960464537143707e-08,0.0,1.4901161342859267e-07,0.0045398474193608755,5.125999501943588e-06,0.0,1.4305114889144897e-06,0.0016449690029609202,0.999999533162837
363739.28904133016,479042.7044864752,5.670389487274864,1.339618504532563,13.952602393118706,18.713603977674175,99.01923642018971,13.405495734599805,0.0,3.6537647612690924e-05,5.066394856572151e-07,0.9967714647788107,0.0013667941230124233,1.1920929074287414e-07,3.3080578181147575e-06,1.2576580173373222e-05,0.0006796419688478111,0.0,1.00000001,7.74860389828682e-07,0.0
355209.50258695177,253791.9178913693,5.313348605043647,1.7735088180624863,16.328747399476338,23.391244894052928,107.20058233044318,6.325611770897234,0.0,0.018674820848293007,1.1920929074287414e-07,0.19954121312364695,0.0,0.8196064911787003,0.0,0.0,1.1622905847430228e-05,0.0,0.9999975662095397,4.771351861983537e-05,5.364418083429337e-07
85503.24936301839,53075.352994952875,12.23830180581608,7.581535825594821,10.47444534800541,20.67774105561951,97.75007904025898,0.017306804659018515,0.0,0.0,0.0,0.0,0.0,0.0,1.00000001,0.0,0.0,0.0,0.0,0.0007449686601749062,1.00000001
542299.3947800692,531202.9250861749,3.794738365501672,1.7464235435658617,12.879335588389335,23.005210882091472,94.59173456268194,8.472694159550864,2.9802322685718535e-08,0.00832161315656513,0.0001043379317227006,0.9234398695783317,6.57737261673808e-05,0.1077539931582284,0.0012362599496489762,1.0669231521487236e-05,0.03660574592002779,0.0,0.9998079638326132,0.00011476874466270208,9.858608344435691e-05
484572.9919945784,425964.44706012204,13.531534509461908,6.451039322057219,13.410573548504061,21.019643788575475,49.139612021069205,0.033248215917684135,0.0,0.0,0.0,6.183981957286596e-05,0.0,0.0,0.9999486307956897,0.0,0.0,0.0,0.0,0.00046768784990698094,1.00000001
61452.8333600951,48925.95848023183,6.612199714033474,4.656255250431962,8.982565198645775,23.698356634261206,61.43283397223063,0.08489504457518846,0.0,0.0,0.0,0.0,0.0,0.999981234536708,0.00010365247830092906,0.0,5.960464537143707e-07,0.0,0.0,0.0012235343578621744,1.00000001
113335.798509015,123721.13397007545,0.8535018446944732,1.062671452850227,11.353323524636235,24.063756948706448,53.384093793471244,69.19493556836701,0.9996584753820216,5.960464537143707e-08,6.645917958915233e-06,7.152557444572448e-07,2.384185814857483e-07,0.9999175171708059,1.1920929074287414e-07,0.0005400478893879055,7.987022479772567e-06,0.9996475081272732,0.0,0.00014525652077019213,0.00022679567563831804
1157930.969007438,734044.6202388442,14.205199747116255,4.492521946651152,14.853021032730522,25.455883032515512,38.49774927047006,0.024184435608848035,0.0,0.9999925594193285,3.5315752382576465e-05,0.0,0.0,0.0,0.0,0.0,0.0,0.0,0.0,0.000938117513501048,1.00000001
117532.95064738886,156649.1080386343,0.007623529436779619,1.000017106533075,15.005700595371891,21.828117375864256,64.0387707976397,56.192428476268766,0.0,0.0002674162414589524,4.202127498686313e-06,5.960464537143707e-08,0.0,0.0,0.9997639756043291,0.0,0.00027218461308866737,0.0,1.00000001,0.0,0.0
581419.6406235752,546420.3229688307,4.025805760790002,1.3039705757668854,11.378784304315259,18.247688297596934,125.52343071099477,23.26322570716838,0.0,8.445978249132633e-05,0.0006521046226862072,0.2819963423795184,0.00010877847780287265,4.053115885257721e-06,2.0116567812860012e-05,0.8657414999751639,0.006747424669982791,0.0,1.00000001,4.6193600162863725e-06,0.0
662246.4069476686,615903.9748748122,0.43554594531468543,1.1309425832711673,12.99211979531026,19.798197750901295,104.28089097625711,48.10194820731539,0.0,0.9650097585857969,0.12944841514336108,4.0739775111377234e-05,0.0003111064465162158,4.5359135127663606e-05,7.858872492223978e-05,7.688999252915382e-06,0.0009842515090185402,0.0,1.00000001,5.48362737417221e-06,0.0
425098.55230925867,326359.01383634325,9.055064538200135,3.0080741672592413,13.07320851710104,15.000295642163179,126.86621338728358,0.26266470554580956,0.0,0.0,0.0,5.960464537143707e-08,0.0,0.0,0.0,0.9999996523721277,1.1920929074287414e-07,0.0,0.08409312451532393,0.0004051923792350292,0.9154193492878603
2540161.1439287215,1487905.9767975083,8.865860393658371,7.658702979063519,14.152957863394626,23.8097190915714,62.17493325739442,0.1488532126124981,0.0,1.00000001,0.0,0.0,0.0,0.0,0.0,0.0,0.0,0.0,0.0,0.006735891171103418,1.00000001
1281758.8839936873,819930.5416882058,10.223275593396743,1.6070146867363806,12.874644226006119,22.581331258545923,60.08074134845066,0.06585553289234548,0.0,0.40012702745975104,1.8179416838288305e-06,0.0,0.0,0.0,0.0,0.9385527466215503,1.788139361143112e-06,0.0,0.0,0.013493150607572495,1.00000001
433310.9712966425,548270.6324428234,7.550041153597443,4.693630521805698,8.697144989340472,21.616792684025757,69.64908927984955,0.17102628948316395,0.0,0.0,2.0861625880002974e-07,0.0,0.9999989371163832,0.0,0.0,0.0,5.066394856572151e-07,0.0,0.0,0.0003607273137879371,1.00000001
608260.3931404791,431296.45633716596,23.042316206133567,6.3443245964103845,11.960931306812626,20.00514221660317,82.71840170398741,0.001322329044497609,0.0,0.9805331328216886,0.0,0.0,0.0,0.0,0.17693823752911744,0.0,0.0,0.0,0.0,0.010928452124207615,1.00000001
118261.2372363581,74073.53572138857,1.6201526170482035,7.191161402963779,13.388259536442806,20.868468289565833,49.74790841544854,0.33283680681329664,0.0,0.0,0.0,0.0,0.0,0.0,1.00000001,0.0,0.0,0.0,0.0,0.00034511089670062064,1.00000001
1170803.8258190139,1536101.8685514,0.09508593085640342,1.111253380934385,8.325437758357118,22.691238408848825,99.10826206664241,58.38960231037431,0.5964883625551545,0.009924352268280387,0.0009648799992728233,0.030443281239720284,0.9419527744074732,0.0353849533758527,0.0011045038810554146,0.000729531057023704,0.014471888686894177,0.9565492368031936,0.1058936129668951,0.012462049847292005,0.0017918348491561412
886263.8581864896,750597.4075448394,14.11322515487632,5.090925162914338,7.435523990357132,19.818529133659112,94.85468537050524,0.21499499681141107,0.0,4.47034840285778e-07,1.1086464039087295e-05,2.9802322685718535e-08,0.9995986323180687,5.960464537143707e-08,4.899501849532127e-05,0.00019833445747345684,7.808208543658256e-06,2.9802322685718535e-08,5.960464537143707e-08,0.0047713220596608515,1.00000001
247795.2441027633,103607.8290245499,9.159948495144748,1.023352921042425,15.053427822605617,16.535984996585952,117.92818725662579,40.691378121394884,0.0,0.03271612557702392,1.1920929074287414e-07,2.2858381499946116e-05,2.9802322685718535e-08,0.004318833394323587,5.960464537143707e-08,0.9680844046126371,0.00030577183075547216,0.0,1.00000001,0.0,0.0
84215.88913870942,71962.29407068263,20.332935721590918,2.2930079419010942,17.914988645501467,20.6344423342925,126.65157318713447,0.030365437272783218,0.0,8.94069680571556e-08,0.0,0.6683230466917753,0.0,0.7097649645256281,0.0,0.0,2.9802322685718535e-08,0.0,0.020116687022150755,2.464652086108923e-05,0.9803348877711832
821858.0163217164,1125630.5550913194,0.030170369158447088,1.0193656385221568,12.36062712065881,20.2471952486002,49.047262223577206,50.62579811214952,0.0,6.258487764000893e-07,0.9991995196126615,0.001586437241206169,1.7732381998002528e-05,3.528595005989074e-05,0.0014625787881243227,6.556510990858077e-07,0.0027450919425815344,6.5565109908580775e-06,1.00000001,1.6570091413259506e-05,0.0
119595.37328815715,56584.13557882079,8.39425926492086,5.133461183254035,15.587285585673403,15.44904232351679,80.09920895459123,0.21056950094792962,0.0,0.0,0.0,0.0,0.0,0.0,0.0,1.00000001,0.0,0.0,0.6573348707129055,1.2546777850687503e-05,0.25822258253828045
508953.26144235214,329387.07706071733,4.035657597951533,7.226510593249416,11.060234790346735,20.866293912123744,97.37764046044214,3.62802758855587,0.0,1.5795231023430824e-05,0.0,0.0,0.0,0.0,0.9999637703756141,9.536743259429931e-07,5.066394856572151e-07,8.94069680571556e-08,0.0,0.011908501505727469,0.9999999503953546
77880.65306091796,50621.41000237592,1.973225594233525,6.418014534107209,15.683748908358803,15.275400164954227,98.56141597486709,0.010530501605319082,0.0,0.0,0.0,0.0,0.0,0.0,0.0,1.00000001,0.0,0.0,0.0,0.0006413459841966628,1.00000001
686153.8864578234,1034062.1106824224,0.29799425612026603,1.2704595033217803,9.389895741642553,20.85364723700993,93.1394815487582,47.125983243764445,8.94069680571556e-08,0.0001427829279872775,2.259016059577465e-05,0.0016621649431505798,0.9980713824897164,0.00024351477866500616,0.0005813837109529972,7.569789962172508e-06,0.001363873495389223,5.5015087677836414e-05,0.9999973873956036,0.0003239810499164462,7.74860389828682e-07
450088.95745106647,442276.7878825857,0.14884495740197004,1.0404771864992461,9.725777511459631,20.962465291243156,55.0805498682729,67.18132735089074,0.9989068011992425,5.960464537143707e-08,0.999981413350644,5.0425529984235764e-05,1.2516975528001785e-06,2.9802322685718535e-08,4.172325176000595e-07,0.0,6.794929572343826e-06,0.9999541144230639,0.0,6.848573753178119e-05,1.442432417988777e-05
906940.0784422591,333425.8835537708,13.48042722203772,3.90074313101312,17.953268059696637,25.150611883738474,117.87195563869535,0.0024901330473968385,0.0,1.00000001,0.0,0.0,0.0,0.0,0.0,0.0,0.0,0.0,0.0,0.0004632175015041232,1.00000001
1604125.58743542,1094676.8463012595,15.40295572801254,2.7929795410021034,13.52014840293017,24.5392475189234,46.39984905906423,0.009127110243917404,0.0,0.9994840721896647,0.0,0.0,0.0,0.0,0.0020157396994939444,0.0,7.152557444572448e-07,0.0,0.0,0.0034568906176072355,1.00000001
53087.7872702635,63120.11334921608,0.1196396589683363,1.0000684261322998,13.838269836339714,21.10038757827356,44.09164458688089,73.68421734246236,1.00000001,0.0,0.0,0.05633190330570489,0.0,0.9921435216935908,0.0,9.536743259429931e-07,1.9371509745717046e-06,1.00000001,0.0,5.662441310286521e-07,0.0
169388.70754605555,253584.97766871972,2.663440824454804,6.1978522017347375,11.890615945756192,20.977100377307295,98.18091109847238,1.818671077703814,1.788139361143112e-07,0.0,0.9999989967210287,0.0,0.0,1.22189523011446e-06,0.0,0.0,0.0,0.0,0.0,0.0005666315612235665,0.9999999503953546
196599.9395253113,421345.4440703447,8.474319556238191,3.392159644206403,18.30592633165412,17.363971714068818,80.13877332570227,0.02524331212340742,0.0,0.0,0.0,1.00000001,0.0,0.0,0.0,0.0,0.0,0.0,0.0,3.5613775609433645e-05,1.00000001
70154.06906264434,48539.855246026586,0.7808119061246888,1.131077557989454,5.7419371632262,19.800323490953225,76.9308397208205,68.91939462042048,0.9965163568966209,0.0,0.0,0.0,0.9999998907907092,0.0,0.0,0.0,2.9802322685718535e-08,0.9999942879540443,0.0,1.3709068435430525e-06,4.9471855658292765e-06
66576.92958586225,61409.73157610902,1.264954543541058,1.5351161368385178,12.690072661720688,16.966407779618407,86.33823365364546,29.887326661288217,0.0,0.0,0.0,0.0,0.0,0.0,0.0,1.00000001,0.0,0.2558059717963409,0.0,2.0593404975831506e-05,0.8596316661967194
643202.3089913343,575329.2818072406,0.808854532515083,1.0241101980553782,14.20435506781821,24.473384863263167,42.37943947481265,64.4583579973714,0.9988467793213534,8.374452674686907e-06,0.010020703177523314,0.9991322259680372,8.046627125144004e-07,6.556510990858077e-07,9.477138614058494e-06,5.960464537143707e-08,0.00015181303176105022,0.9999314646578228,0.0,3.4332275733947755e-05,3.144145043343305e-05
775703.8787141228,496880.1878055635,3.267073155553204,6.549378522217539,14.550022609009881,21.488550191309898,49.0258935113893,5.727556795555651,0.0,0.0,0.9997849564394998,0.004348278089137077,0.0,0.0,0.0,0.0,0.0,9.834766486287117e-07,0.0,0.00012689828999578952,0.9999972085816675
347719.77945218375,249567.17769155602,4.6018224254896065,1.2970463935804037,11.82138205137508,19.181865696570505,84.06127736352207,9.49992850534623,0.0,0.0008455514992392062,0.00010520219908058642,0.31184667660708365,1.6957521608173846e-05,0.7565888242086494,0.00041642785488754506,0.00041061640196383,0.003238648208579719,0.0,1.00000001,3.904104271829128e-06,0.0
422738.5161366112,319588.3186322045,12.584385518510821,4.357727472810517,8.80624670209613,18.616233829938665,105.48190325988232,0.2675689757185057,0.0,0.0,0.0,0.0,0.989220748303157,0.0,0.00585609680309832,0.002803653506658971,6.347894732058048e-06,2.384185814857483e-07,2.562999750971794e-06,0.003341347012554705,0.9999991755349648
284236.96815935656,244970.91729336182,18.520439392624706,2.7646135713036832,12.830103820711471,22.796499257880743,69.46170479364152,0.0071638822563970085,2.9802322685718535e-08,0.0039821863572657105,3.576278722286224e-06,5.245208792686462e-06,1.1622905847430228e-06,0.9636031485596763,4.1127205306291574e-05,0.11638841149370283,9.059906096458434e-06,0.0,0.0,0.006614863938676715,1.00000001
267605.64565527,379965.3854886193,13.012105040177843,4.915774291387267,13.204567915528612,16.581192973895,96.0230198546655,0.038137286905960736,0.0,0.0,8.94069680571556e-08,0.9777101376076066,0.03227841886373877,0.0,8.94069680571556e-08,0.0,2.9802322685718535e-08,0.0,0.0,0.0004341304345628619,1.00000001
690641.756886574,635025.9805994241,11.028754142672465,3.0568332105456024,13.541064268838262,19.01417065104691,108.11883837487808,3.984448463193444,0.0,0.012676358349725008,0.0,0.006164193215023279,0.0,0.0,0.0,0.9920950035122584,5.662441310286521e-07,0.0,0.9999942879540443,0.00015327334557265043,1.1920929074287414e-06
863343.7027163447,692391.1297354131,8.249962666437662,1.9900988056498852,10.023510043625793,21.85718918373467,72.91461438263237,0.03436535597251832,5.960464537143707e-07,0.002151221058423221,2.339482330828905e-05,1.1324882620573043e-06,3.081560165703297e-05,3.993511239886283e-06,5.632638987600803e-06,0.9991606573838794,0.0001144707214358449,0.0,0.0,0.005378574186705052,1.00000001
199053.90006869583,386370.9839744426,0.18029003149401426,1.4509872502570758,15.646310634911105,16.774061206682326,90.77534184274057,18.871358039215092,0.0,0.0,0.0,0.9999145965431827,7.760524827361106e-05,0.0,5.960464537143707e-08,0.0,1.0430812940001488e-06,0.0,0.9999942879540443,1.9818544586002825e-05,6.645917958915233e-06
1284335.6543789683,1105336.6982736834,4.89786977933413,4.962087517676421,10.789561455619301,22.44863129207379,59.00459975255502,1.8952876331651747,1.2516975528001785e-06,0.15224549326554268,8.34465035200119e-07,0.0,2.6822090417146684e-07,1.1920929074287414e-07,0.9686911799025183,2.9802322685718535e-08,5.695223865240812e-05,0.0,0.0,0.004842102576039433,1.00000001
56264.63002414234,49486.884536759324,13.453015331998552,5.901581652014161,15.539507038840501,17.054045680951948,69.04656946961892,0.005081593990923762,0.0,0.0,0.0,0.0,0.0,0.0,1.00000001,0.0,0.0,0.0,0.0,0.00016117096108436582,1.00000001
2163850.35720245,1972317.6220760178,7.962703278370645,2.6759716892343026,9.58902454832841,23.561620718080782,87.42921188870774,0.6686222554039788,8.642673578858375e-06,0.9957376222048431,0.011954546094276904,0.0013480484620431064,0.0010213852030849456,0.00018644333072185515,0.0008046329101917148,0.00020453334059208631,0.0015873611132094262,0.0,3.87430194914341e-07,0.010173678499869108,0.9999998311860638
542769.0166337546,355411.37252702535,8.336460879281216,2.610358121311437,12.005196338648279,17.832647327618602,98.85434806802557,0.7606330514849025,0.0,0.0,0.0,0.0,0.0,0.0,0.0,1.00000001,0.0,0.0,0.9833921888462203,5.796551762372255e-05,0.006893545458110869
134620.47723791262,101996.05635082618,13.072121147757322,6.448520072137543,13.456968969554291,20.037122731139533,81.51348412403632,0.06983265281545131,0.0,0.0,0.0,0.0,0.0,0.0,0.993211636938647,0.04284316344188988,0.0,0.0,0.0,0.0021949112634804843,1.00000001
607526.8885309134,647527.2880598044,1.5315398936677418,1.357144147667875,15.02906102657732,22.933322912098305,126.52383745314202,19.778969737234085,0.0,0.9999967913491499,3.784894981086254e-06,3.87430194914341e-07,0.0,0.0,0.0,0.0,6.675720281600952e-06,0.0,0.999997447000249,0.00014060735843122004,7.450580671429634e-07
764925.6844562865,847302.5527152761,10.67800298097865,3.8516430001465447,9.104483042522496,17.344197277111956,72.9176072808583,0.10204479099520533,0.0,0.0,0.9999996523721277,0.0,4.47034840285778e-07,0.0,0.0,0.0,0.0,0.0,0.0,0.00023096800081431865,1.00000001
650801.6105586288,702553.4224141174,0.5781664611862323,1.0744616092315111,10.60523146895926,20.023602490351614,69.67353225060353,58.08489919392152,0.07086220454506308,1.788139361143112e-07,0.9999968509537952,1.341104520857334e-06,8.642673578858375e-07,0.0,0.0,0.0,1.847744006514549e-06,0.996452341507492,1.0877847780287266e-05,0.0004011690656724572,0.001932561416878104
1681313.9025407224,1821641.182142559,3.468095446804589,2.4944519719969156,10.70539606127304,22.931621557117303,59.32719350114105,6.635462344473422,5.781650601029395e-06,0.00010648369895607232,0.8334363782302987,0.3582946693963927,0.00033408403730690475,4.827976275086402e-06,0.03852176704781532,4.476308867394924e-05,0.0012887418398985265,5.960464537143707e-07,0.07944223364163606,0.003161668809082508,0.9627819157557487
75077.64421120296,116693.15234817941,2.7520932445286994,1.396073818772607,15.953025348630614,14.539043429494622,123.90147746193394,21.09236672768783,0.00014090538165807722,0.0,0.0,0.7292879892798793,0.0,0.0,0.0,0.693034477011674,0.0,0.06288597050610274,0.0,0.00018000602902173995,0.9569571709961158
776332.83655388,539351.7171757099,8.00894198688236,3.015425178307569,12.063273852847535,19.8300952957721,117.62610793665638,7.53419011919921,0.0,0.07052511047316491,0.9643880225299274,1.4156103275716304e-05,7.212162089943885e-06,1.3798475403487682e-05,1.3709068435430525e-06,2.1457672333717347e-06,2.7507543838918207e-05,0.0,0.9998326997604423,0.00033047795626193284,4.14848331785202e-05
983567.0836176805,1056661.6496284218,2.9874487648566244,3.4069046412520034,13.988448507294406,21.2629013112345,41.60315141243878,3.2067517940002355,0.0,0.0,0.0,0.005862951337316036,0.0,0.0,0.998161683527454,0.0,7.74860389828682e-07,0.0,0.0001310706151717901,0.0024744272479498386,0.9999896387917053
105165.12368640318,73374.59164723824,13.488082508829246,7.034203120745687,11.267465835214704,21.060628896010158,76.05482712726781,0.0026395916941887136,0.0,0.0,0.0,0.0,0.0,0.0,1.00000001,0.0,0.0,0.0,0.0,0.00042665005156874655,1.00000001
315877.92690928746,258031.41473457616,6.98473994967874,3.9401789051573632,13.371187633682753,16.39800358174791,128.58027816426892,0.05580887199104756,0.0,0.0,0.0,0.0,0.0,0.0,0.0,1.00000001,0.0,0.0,1.1920929074287414e-07,0.0009994506935882567,1.00000001
808662.5740225494,689446.5717518901,11.57318458948115,5.005715852737832,9.321623776821605,18.493297581120952,120.70672423215204,0.2531576156914043,0.0,1.1920929074287414e-07,0.9996745686362719,3.87430194914341e-07,0.0010056495767068862,0.0,0.0,0.0,4.172325176000595e-07,0.0,2.384185814857483e-07,0.0008665621367326379,0.9999999503953546
1631575.5438569656,1254229.6676473443,21.004136235657395,3.669023040769677,11.178092127400843,23.028266912372114,63.589568736917194,0.003536343574939966,0.0,0.8771850554446715,1.4901161342859268e-06,0.36000177624215335,2.1457672333717347e-06,1.1920929074287414e-07,8.758902637332677e-05,1.1920929074287414e-07,2.562999750971794e-06,0.0,0.0,0.002774119404877424,1.00000001
968153.7962071208,960174.2083499335,8.494374325760957,1.8358087253589752,10.529217128999203,23.289947515481234,88.03613678021074,0.11569112540652453,1.606345192760229e-05,0.14890003353245734,0.005439519936597347,0.006145060123859047,0.0011115074268865585,0.0003457963501223922,0.008631438103205859,0.9510458802914035,0.012455463533978462,0.0,2.9802322685718535e-07,0.005856365024002492,0.9999998311860638
28128.69025203469,44449.83452001876,1.3698323254444706,1.0016025900863654,16.82760394420852,15.339953425777622,85.18531114248557,58.37109983654095,0.7931180079616975,0.0,0.0,0.9268443677126574,0.0,0.0,0.0,0.3234843346042433,0.0,0.9999967913491499,0.0,3.576278722286224e-07,9.387731646001339e-06
183228.01631525543,159394.0173174199,4.627108337058208,3.5184392369008406,12.852476662557148,23.590515142528286,72.5481441649088,7.302270830536672,0.0,3.114342720657587e-05,0.0,0.0,3.767013587474823e-05,0.999948988423562,0.0,0.0,1.22189523011446e-06,0.0,0.999994884000498,3.0368566816747186e-05,9.834766486287117e-07
617681.7156853459,584444.7208428434,12.056670026084003,7.470653781597917,7.30363887896239,21.387727742547924,94.16481942370015,0.10299727321882814,0.0,8.94069680571556e-08,0.0,0.0,0.9999991159303193,2.9802322685718535e-08,0.0,0.0,0.0,0.0,0.0,0.0006737709112787246,1.00000001
850970.4713768841,559345.753721101,2.633952356274676,2.22092935617343,11.739879017698268,20.91550827523727,56.13111526010572,16.867244245606205,0.0,0.0,0.013966918131307363,0.0,0.0,0.0,0.995607624473288,0.0,1.788139361143112e-06,0.0,0.9999988775117379,1.4811754374802111e-05,3.2782554954290385e-07
183477.5495144954,156637.82354662742,0.6921215536548454,1.0009320974363292,11.176855450230455,17.970902446985534,94.48011398748662,48.83143812992471,0.0,0.0001249611390212178,0.04922249962438136,0.01838091034196645,0.7880325396186065,9.477138614058494e-06,0.0009022653193101287,0.003825306930648088,0.2618132259801012,0.0,1.00000001,0.0,0.0
516270.7898974355,380059.82800633856,0.07780904772526145,1.1807248892981717,11.888394182621132,20.836123471440487,63.34880024468301,39.00292098981044,2.413988137543201e-06,0.0,0.0,0.0,0.0,0.0,1.00000001,0.0,0.0,0.16479876802257568,8.34465035200119e-07,0.0010660588847908378,0.7691390591287683
102020.8935612525,65068.68470745335,7.276009585931318,5.171820706128353,14.366255886243236,16.93876839057169,78.84367943163103,0.007885843516323864,0.0,0.0,0.0,0.0,0.0,0.0,0.0,1.00000001,0.0,0.0,0.0,0.0005939900934490561,1.00000001
3027004.142803471,2142250.960815463,21.30693026308818,7.760687539698866,10.81105560579128,15.00956917121881,62.370721104446545,0.359536707443574,0.0,0.9078178496543502,0.0,0.0,0.25126290572612997,0.0,1.4126300953030585e-05,0.0,0.0,0.0,5.960464537143707e-08,0.006457150047023892,1.00000001
48329.32520200854,56985.689886697015,7.482867291117474,5.631299681127098,12.761564618465547,23.99327850935337,69.03449908201644,0.03627032041976392,0.0,0.0,1.6570091413259506e-05,1.1920929074287414e-07,0.0,0.9999955992562425,0.0,0.0,0.0,0.0,0.0,0.0003237128290122747,1.00000001
851653.6593592693,818615.1171353401,21.96556192186477,5.71309394317632,12.09694702009227,19.297927860913415,53.65938812718172,0.024366825821882186,0.0,4.658103035777807e-05,0.0,0.13829118151673137,0.0010365545853319763,2.6822090417146684e-07,0.8542168225833058,0.0,1.341104520857334e-06,0.0,0.0,0.0025826990862670538,1.00000001
524939.7856870135,563439.941028773,6.141905047584307,2.3407791872105035,10.764116948008308,19.975913052470503,49.64763179624746,0.6429888308804705,0.0,3.2782554954290385e-07,7.450580671429634e-07,0.00018000602902173995,1.0132789713144302e-06,1.2665987141430377e-05,0.9996651511023033,5.960464537143707e-08,1.198053371965885e-05,0.0,3.525614773720503e-05,0.0016508102582073211,0.9999885659080886
737872.6703158319,519904.7180812994,8.030171778530768,5.727077073651313,8.920256946758347,21.773967748161787,76.98051601991821,0.5117185414439455,0.00016200542611956596,0.06930965254475056,0.0014225244664347171,2.6017427704632282e-05,0.00025412440554112195,0.00012660026676893234,0.9589680529170119,0.0007021427224755286,0.00016823411156088113,0.0,0.0,0.005435079390517175,1.00000001
2095096.9723913965,1745620.6844283356,19.568467385227304,5.595170683272751,12.654194003408925,18.962391857695767,124.01194155800894,0.4880534113027641,0.0,0.062194020177985726,0.9890632728300857,0.0,5.960464537143707e-08,0.0,0.0,0.0,0.0,0.0,1.4603138116002082e-06,0.0018703937717556953,0.9999997715814185
724356.3197499799,349865.6523321277,22.39132042687616,4.63776892943311,15.18057400711059,22.62079430177115,60.09616494435676,0.003640204668473303,0.0,0.07508230284432887,0.0,0.0,0.0,1.3083219659030436e-05,0.0,0.9940273265105551,0.0,0.0,0.0,0.02341982745702237,1.00000001
15650.16671125174,12638.504337434773,7.419894220951546,4.551852410145333,12.759226447459184,24.06404877304736,49.966976942681455,0.2823932469223371,0.0,0.0,0.0,0.0,0.0,1.00000001,0.0,0.0,0.0,0.0,0.0,5.239248328149318e-05,1.00000001
722650.9588043153,515804.107293562,8.72756681737111,2.714944126671722,10.472383176306812,20.070715908945438,54.88092065087642,0.7166592777618488,0.0,0.0,0.9999999503953546,0.0,0.0,0.0,2.9802322685718535e-08,0.0,0.0,0.0,0.12669953830579847,0.00010633468734264373,0.8473976935249412
232326.9811180619,115242.14028366168,6.589288546880958,5.474747366145151,14.619551904010642,13.106163981109837,123.43330681905715,0.1035596430423501,0.0,0.0,0.0,0.0,0.0,0.0,0.0,1.00000001,0.0,0.0,5.066394856572151e-07,0.0007424950673919915,0.9999997119767731
444487.0396249623,566256.8974488333,13.741863469951666,1.781889350339168,13.566829211019721,17.005870822843633,69.99536469886411,0.011310726405520737,0.0,0.0,3.7550926584005353e-06,0.9891848663066434,8.94069680571556e-08,0.0,0.06561169093893855,1.1622905847430228e-06,3.635883367657661e-06,0.0,0.0,0.0008659958926016092,1.00000001
106519.20003119603,75222.29700769078,16.41490912991997,5.037598675296959,15.539622195014262,24.49640846861704,56.374522151941015,0.013970583678935467,0.0,3.2484531727433204e-06,0.0,0.0,0.0,0.9995699028789996,0.0,0.004665345000190437,0.0,0.0,0.0,0.008438080633620917,1.00000001
106283.64367283955,92077.85591460958,17.03290548900021,6.117377646127373,12.607816106124266,23.241470342614523,96.93680108039366,0.01600220799634367,0.0,2.3543834921717644e-06,5.960464537143707e-08,8.94069680571556e-07,8.94069680571556e-07,0.9999555449345529,2.9802322685718535e-08,0.00018116831960648296,1.4901161342859267e-07,0.0,0.0,0.003075987131361067,1.00000001
197000.9816797283,218561.7338458339,6.983946015810064,7.404997655958621,18.38395465295745,21.32304955038904,29.410293252271416,0.5493111909082069,0.0,0.0,0.0,1.00000001,0.0,0.0,0.0,0.0,0.0,0.0,0.0,7.718801575601101e-06,1.00000001
120841.36206345099,201597.4966005102,11.543909601296821,3.3946692977782558,15.538316674479125,15.838043216277514,90.20059496575607,0.007602125407159626,0.0,0.0,0.0,0.9999923806053924,4.023313562572002e-06,0.0,5.960464537143707e-08,0.0,0.0,0.0,0.0,0.00041297078545600175,1.00000001
536849.7313406559,451532.67544178205,5.299071909787359,6.8526556575461175,10.030739222773141,19.563147549411823,119.72407728996296,1.2088164688578813,0.00011932850003361702,0.0004991591026630997,3.9607286849319934e-05,0.0010427236661279201,0.0002056658288541436,5.733966884732246e-05,8.609891023904084e-05,0.9985230664923411,5.722045955657958e-05,0.0,0.0,0.00819367178527534,0.9999999503953546
2056036.3610689936,1654048.247045344,19.71040864656676,7.022334941884281,10.940801566088659,20.269611363414334,124.88130003803018,0.12465357781923055,0.0,0.9917334417334354,0.0,0.0004404187246495485,0.004837781239250004,1.4901161342859267e-07,0.0,0.0001929700393900275,1.1026859393715857e-06,0.0,0.0,0.027705043831356465,1.00000001
264033.35148332757,225770.96177011763,2.5523950585405184,3.4422229563316025,7.7608301676513225,20.39393330101422,74.03335392803504,0.4700930417137065,0.0,0.0,0.0,0.0,1.00000001,0.0,0.0,0.0,0.0,0.0,6.854534217715263e-07,0.00012034177900493145,0.9999998907907092
742186.1097703564,448269.3739609565,12.37640836656983,2.6029067658434863,13.100201374570101,20.786986355946617,109.24596965821912,0.11022955180511294,0.0,0.9999999503953546,0.0,0.0,0.0,0.0,0.0,0.0,0.0,0.0,5.2750111153721804e-06,0.003911674061791301,0.9999975066048944
196282.19934255988,160847.6334954777,3.376494003482932,7.28904957477644,12.659322208233908,25.364040381119622,39.90967080150446,25.81299528783258,0.007881641466755867,0.20299217307903974,0.0,0.0,8.94069680571556e-08,0.9899350503732883,2.9802322685718535e-08,0.0,1.1920929074287414e-07,0.0010732710468807816,0.0,0.00033974647861719127,0.9975282053564465
14103.02360438824,11038.884193564654,7.466678097386419,3.353635731721559,11.903349464839557,23.969490057197497,38.462496997385514,0.0021684169771838185,0.0,0.0,0.0,0.0,0.0,1.00000001,0.0,0.0,0.0,0.0,0.0,1.1503696556687355e-05,1.00000001
759483.1026162541,442341.7171135177,12.520459727702482,1.5449058719313147,14.192537791334768,16.547030452522023,88.11328381700554,55.20651817971265,0.0003717839755043387,1.00000001,0.0,0.0,2.9802322685718535e-08,0.0,0.0,0.0,0.0,0.9963908295134687,0.0,1.6778707672059534e-05,0.0020118355952221155
654348.5600591026,656995.4976762997,0.9448942187640453,1.4427725679047185,11.276863580351625,20.44643211847447,79.47096765397613,32.48748913789531,0.0,0.9994052152438384,5.960464537143707e-08,4.768371629714966e-07,1.1920929074287414e-07,0.0,0.0015233159217578171,8.94069680571556e-08,2.112984678417444e-05,0.0,1.00000001,5.304813438057899e-06,0.0
194372.40380423932,300005.90563371114,9.844559434401916,4.58825719869145,13.15818250805871,12.920426371188512,117.02903926921395,0.2448563278009471,0.0,0.0,0.0,0.0030928850483238697,0.9977709154723989,0.0,0.0,2.2709369886517522e-05,8.94069680571556e-08,0.0,0.00027194619450718164,0.00046861172191023826,0.9998915295454239
797179.2015526713,694773.7200169927,5.449155404024464,1.8143575501154707,11.111369138286735,20.519237523160307,93.19274932572702,10.451926888265007,0.0,0.00037637353319793936,0.009123116822874843,7.13765628322959e-05,2.5242567314803597e-05,0.000998049984422028,0.00016495585606545208,0.996945629552586,0.0013371408119401335,0.0,0.9999960760934055,0.00012242794159293173,5.960464537143707e-07
1405051.5791530383,762605.3222931642,13.781276993638992,6.752563246361868,14.198895163144893,21.49961853542957,87.78765649002351,0.1548264920893666,0.0,0.999998102651348,5.662441310286521e-07,0.0,0.0,0.0,0.0,5.781650601029395e-06,0.0,0.0,0.0,0.00831756004067987,1.00000001
318733.8613964813,277282.4108832054,5.4461957949917865,1.3690102403667113,13.639853245554617,17.847001079759316,75.93226358632602,7.888865620825944,0.0,0.0,2.9802322685718535e-08,0.0002958476573011279,0.0,2.682209041714668e-06,0.9997896056018387,0.0,3.787875213354826e-05,0.0,0.9999996523721277,4.708766984343529e-06,2.9802322685718535e-08
305053.5158975964,562592.7360904089,0.27988374242701386,1.4042789047771416,15.146688051283906,14.874966624484854,135.08013249085042,28.543191853543416,0.0,0.0,0.0,0.006678700513869523,0.0,0.0,0.0,0.9985988239966082,4.768371629714966e-07,1.400709166228771e-06,0.9999076227996743,0.0001956820507544279,6.237626138120889e-05
882398.9821453859,1012054.3999402927,2.093718291036317,2.4946307561291747,9.660915796588808,23.33072662926351,85.93390763195343,7.276680470369019,0.0409758691116935,0.9717918731593859,0.011252671592705547,0.0021231174681305884,0.002400934720206857,0.03931069413395166,0.02079087516594708,0.0010547340021702647,0.03464776312189877,3.337860140800476e-06,2.0861625880002974e-07,0.015745073714350757,0.9999897580009961
44859.15514745479,50367.248520866706,10.389648846321602,3.2278094621536084,12.036623960504675,25.30592728295693,62.89446085962706,0.03200948238749385,0.0,0.0,0.0,0.0,0.0,1.00000001,0.0,0.0,0.0,0.0,0.0,0.0006977021763953566,1.00000001
271649.42525968235,178704.04003962365,9.700200203357968,4.470162456224617,13.051643020169232,21.04405975843174,63.950134518529005,0.011037141085969506,0.0,0.0,0.0,0.0,0.0,0.0,1.00000001,0.0,0.0,0.0,0.0,0.0008981525987794994,1.00000001
1141234.793961652,959679.6003848927,1.0699705604353291,1.9267326606638084,8.892583165827046,20.871316914749826,87.59075284402113,65.63664437112527,0.9997583727676641,0.9425821398579501,0.04091131728075623,0.00025030970823735,0.09921032289533198,8.705258456498384e-05,0.00018391013329356907,0.0009972453217095135,0.001815974730531573,0.9827829697658789,0.0,0.0019052028846526146,0.006394654576351941
923520.3388876512,1028165.8768050337,0.5079227210807142,1.6576462695456806,11.671727841690016,20.1035127686969,64.95921194835218,30.949210081165266,0.0,3.641843832194805e-05,0.0,0.0,0.0,0.0,0.9999528031208658,0.0,4.47034840285778e-07,5.960464537143707e-07,0.9987344841694736,0.001067191373052895,0.00265783074175775
674056.8374942206,545804.1897052542,5.581891443230989,7.4021099897290625,11.09608841470768,21.46472359218136,83.43293145675537,3.261395395185787,0.0,4.142522853314876e-06,0.0,0.0,0.0,0.0,5.960464537143707e-08,0.9999988179070926,5.960464537143707e-08,2.6822090417146684e-07,0.0,0.010125964981249272,0.9999996523721277
235276.28090235745,299916.150520364,0.3123970986467994,4.050023917740661,14.440106041155111,17.51996136102919,66.76771864586122,16.458816828279865,0.0,0.0,0.0,0.0009508729076105355,0.9995063643270337,0.0,0.0,0.0,0.0,0.00224450232842952,0.0,0.0003508329426562786,0.9989202122444509
97033.21130250825,93642.40732947364,0.2079498053299579,1.0001157820226416,8.159210447382042,22.722072606856507,63.85082841195653,75.57009161407706,1.00000001,0.0,2.9802322685718535e-08,3.9637089172005654e-06,0.9999942879540443,3.576278722286224e-07,5.960464537143707e-08,8.94069680571556e-08,2.440810227960348e-05,1.00000001,0.0,1.4901161342859267e-07,0.0
262473.1633249728,194800.58665340155,12.18253589088025,6.10293514265444,10.02978668094453,19.43310738060898,92.41887882774536,0.06906256080486267,0.0,2.9802322685718535e-08,2.0861625880002974e-07,0.0,0.00011694431421875953,0.0,0.0009624958134579658,0.9993567566671514,1.0132789713144302e-06,0.0,0.0,0.008828401653835773,1.00000001
1777569.983052922,1287638.0138602583,17.443946224383826,4.480030213797537,13.871716446329549,25.25470925010401,39.42464694531656,0.012703984977309405,0.0,0.9996919731927204,0.0006079077781432867,0.0,0.0,0.0,1.0132789713144302e-06,0.0,0.0,0.0,0.0,0.00629323727225244,1.00000001
309783.65156832745,330574.726442551,2.3380417354853136,1.1793313327013322,6.170778128462987,21.738042836651537,101.9404736208381,70.49132467145532,0.9999969105584406,1.0609626876115798e-05,0.991220364946078,1.5407800828516484e-05,0.005701124725132584,0.0002336502098560333,1.5854835668802262e-05,0.0110207201152426,0.00046348572240829467,0.9997754793008857,0.0,0.00018146634283334017,9.113550277292728e-05
745133.9186916244,246039.64549019973,8.001933315119434,7.433049449573982,16.91201091618017,25.06402207047899,60.69595918319329,7.092952729105949e-05,0.0,1.00000001,0.0,0.0,0.0,0.0,0.0,0.0,0.0,0.0,0.0,0.00020882487505882976,1.00000001
647193.5356740246,476678.6902148148,21.480180747613264,3.7267146149487735,13.659209496326774,24.24995232229979,74.35402408572247,0.0008840858937349915,0.0,0.019878477056923805,0.0,0.9949165682148515,0.0,0.0,5.960464537143707e-08,0.0,0.0,0.0,0.0,0.0005975663721713424,1.00000001
262410.54707781476,228252.85558135784,13.078589062340807,1.6534149060047083,13.912878519961362,24.31215477593251,67.63413653073232,0.06730958820181221,0.0,0.5536704714829022,1.725554483503103e-05,1.281499875485897e-06,3.576278722286224e-07,0.8001045068642652,0.00019723177153408526,5.48362737417221e-06,0.00041961670341491696,0.0,1.0430812940001488e-06,0.0013152957094115017,0.9999994735581916
401531.3622851473,340706.81140419067,16.942585807802097,7.450878212130732,11.633390849407967,24.181819921765804,62.74573415788298,0.12520328165573627,5.364418083429337e-07,0.33772129158140596,1.4901161342859268e-06,6.401538912892341e-05,5.662441310286521e-07,0.9394236896997177,3.811717071503401e-05,4.768371629714966e-07,4.7683716297149655e-06,0.0,0.0,0.010002434353716968,1.00000001
759550.9368840087,382655.4347754944,16.14035268375177,6.3698003964841625,12.726738637785663,22.663383489406527,60.25429457683786,0.0029638409618049856,0.0,0.00456655030048728,0.0,0.0,0.0,0.0,0.0,0.9996409516162824,0.0,0.0,0.0,0.024028748514136968,1.00000001
1518298.093801091,1277456.9715640657,20.25852118222862,7.8721332648222155,10.94036096855427,23.082008367467033,79.81772542357857,0.0561559200352931,0.0,0.7490193918743491,2.384185814857483e-07,0.010700702774243355,0.4261007649593261,6.556510990858077e-05,2.2947788468003273e-06,4.47034840285778e-07,1.847744006514549e-06,0.0,0.0,0.0032024383865165706,1.00000001
54660.27504859574,78340.63616812002,0.6429188253667385,1.0003081262116065,14.838093287857996,18.2104740184105,108.21555257347237,71.55028731472642,0.9996748070548533,0.0,0.0,0.9952701429711949,0.0,0.0,0.0,0.013566196100475192,2.0861625880002974e-07,0.9999999503953546,0.0,8.94069680571556e-07,0.0
137035.8617004587,61440.46011588165,15.997171121279695,2.956644418650614,15.941389568290601,16.578706744951354,98.77452776291246,0.8827103675450256,0.0,0.0,0.0,0.0,0.0,0.0,0.0003110170395481586,0.9999832014900052,0.0,0.0,1.00000001,3.2782554954290385e-07,0.0
856232.4724327017,636026.4810215126,13.668833021967092,1.8920908881056993,12.261731749651481,21.49834251919382,136.51543349676433,0.385387986943762,0.0,0.28307470962357845,1.9073486518859862e-06,0.9077394099410414,2.115964910686016e-06,6.434321467846632e-05,5.394220406115055e-06,7.599592284858226e-06,1.46329404386878e-05,0.0,0.005121469548895359,0.001187920582252741,0.9943325022948568
90273.07926185858,123298.92036144812,11.637792281267808,4.723372107102856,16.231625683884438,15.519130710074338,103.17464024306325,0.05087167025210917,0.0,0.0,0.0,5.736947117000818e-05,0.0,5.960464537143707e-08,5.066394856572151e-06,0.999956379399588,0.0,0.0,0.0,0.005410969311464429,1.00000001
779112.3643109107,652128.7566850786,12.6984014792427,2.7942867304685404,14.199289447870271,18.685228352054956,134.41093207043644,4.094199240689342,0.0,1.788139361143112e-07,0.9858948090914308,0.007723778563489616,0.041846275748052594,0.0,5.960464537143707e-08,0.0,5.4717064450979226e-05,1.4901161342859267e-07,0.9998216132964032,2.4884939442574975e-05,4.634261177629232e-05
43538.62322078233,36889.91930567448,13.712831072671655,6.05801589019464,12.235483652219244,24.66206360477721,62.507999244044804,0.008838325739946662,0.0,2.9802322685718535e-08,0.0,0.0,0.0,0.9999999503953546,0.0,0.0,0.0,0.0,0.0,0.0008728802291420102,1.00000001
187306.8312008157,148255.52927633427,2.6602994927810744,6.718981035773123,10.048922007100723,17.72955513398287,69.49487656660006,0.6343506277353808,0.0,0.0,1.00000001,0.0,0.0,0.0,0.0,0.0,0.0,0.0,0.0,0.00025755167264997957,1.00000001
150107.93508409403,119854.89340094288,2.186961413168648,4.730230992400893,12.509147292371837,18.537668232379936,57.790354790754165,2.558268457952111,0.0,0.0,1.00000001,0.0,0.0,0.0,0.0,0.0,0.0,0.0,0.8587570872351843,8.046627125144004e-06,0.07868823487768739
430410.68363437837,308182.8221494787,10.489191392627509,6.918723174444241,14.83972299805622,22.368232732478354,26.970133931314983,0.009208172560821473,0.0,0.0,0.0,0.0,0.0,0.0,1.00000001,0.0,0.0,0.0,0.0,0.00010308623416990041,1.00000001
40716.04679383044,27796.52843137744,4.1964741959444005,1.058915942991499,12.24555856572578,16.116479877131127,80.00597000481075,21.697160008122065,0.0,0.0,0.0,0.0,0.9999998311860638,0.0,1.1920929074287414e-07,0.0,1.4901161342859267e-07,0.0,1.00000001,0.0,0.0
2182035.3453391455,2080682.772425828,17.267371803395218,7.562467465238906,10.769078677060353,18.21322632248851,60.63404977581287,0.33459991220596014,0.0,0.00019222498132288456,0.0,0.0,0.9999479155399453,0.0,0.0,0.0,0.0,0.0,1.1920929074287414e-07,0.0026290118957206605,1.00000001
382075.413417446,277361.7495423924,2.217142368112011,1.7686426352514268,12.472409969547032,19.113242153763416,64.35984194557486,9.63332921379889,0.0,0.0,0.9999995927674823,2.384185814857483e-07,0.0,0.0,0.0,0.0,4.768371629714966e-07,0.0,0.9999999503953546,1.3113021981716154e-06,0.0
346977.88873808796,371636.38874211255,10.183985570533432,1.0474850238047895,12.85420275346602,23.00946617689261,83.44373494763308,63.368936188523584,0.999920258984493,0.0056253970231881735,5.513429696857929e-06,0.000592947012155056,1.4603138116002082e-06,1.1831522106230258e-05,3.576278722286224e-07,0.998514543028053,0.00019580126004517079,0.9998455147591971,0.0,8.568167772144078e-05,5.683302936166524e-05
1351994.0002962695,920988.0286219183,10.67161004903832,2.3760584910500415,11.560503249905027,17.54699898158207,105.61529934896616,28.11953991982353,0.0,0.3944919148793673,0.37999248884631154,1.1235475652515888e-05,4.592537925869226e-05,2.9802322685718535e-08,8.642673578858375e-07,0.2863513259912598,0.00020852685183197258,0.0,1.00000001,4.768371629714966e-05,0.0
1999742.8640108786,1139933.214691139,14.04536586282306,3.1061081618355537,16.951682218040798,25.079479223804135,40.661806465767654,0.00377953052565217,0.0,1.00000001,0.0,0.0,0.0,0.0,0.0,0.0,0.0,0.0,0.0,0.002029538174897432,1.00000001
163415.9375418427,171089.6120485076,8.0619511869964,3.753097895740553,14.107190794509917,18.39650631369569,111.84076011703138,1.5606167914319233,0.0,0.0,0.0,4.976987888514995e-06,0.0,0.0,0.8353093350018054,0.5251926832266277,5.960464537143707e-07,0.0,0.8413101518838656,0.00011032819858253001,0.15573939836792558
942672.1516977277,755991.9155468447,7.92413573532783,1.9392890645570973,13.410351998039324,19.90669632423842,122.86584169251361,0.27659475806629297,0.0,5.155801824629306e-06,2.0027160844802856e-05,1.0132789713144302e-06,1.4901161342859267e-07,1.788139361143112e-07,2.384185814857483e-07,0.9999767641883051,0.00012350082520961762,0.0,0.0022840798129561543,0.0016029775302967427,0.9987405042386561
17731.22513986469,15095.745873829135,9.771685126744849,5.467512137119465,13.69200397189781,25.611217505220303,73.84723633855177,0.015206784011722504,0.0,0.0,0.0,0.0,0.0,1.00000001,0.0,0.0,0.0,0.0,0.0,0.00013998150965481996,1.00000001
46947.48153332716,44737.32865484065,0.36606614602058263,1.038266897256205,12.959793454619511,25.754150397110674,34.35080692296927,71.5341407144781,0.9999948243958526,0.0,5.960464537143707e-08,5.960464537143707e-08,0.0,0.9999997715814185,0.0,0.0,5.960464537143707e-08,0.9999972681863128,0.0,1.668930070400238e-06,5.364418083429337e-07
34816.51543584708,23232.73264864924,15.910471778522744,7.572459349484747,14.315649754665488,18.005814556371448,93.8950227244008,0.00836968422034502,0.0,0.0,0.0,0.0,0.0,0.0,0.9999999503953546,2.9802322685718535e-08,0.0,0.0,0.0,0.0005823671876016258,1.00000001
105496.65435215965,69275.71693519423,0.6237294437608293,1.0136128366187969,8.316224012758706,20.674042706619332,68.58016550841336,72.47652054685672,0.9998814563603562,0.0,0.0,0.0,0.9999998907907092,0.0,0.0,0.0,1.1920929074287414e-07,1.00000001,0.0,8.94069680571556e-08,0.0
1053009.2471474723,925645.3988845191,5.846196438857086,2.4462538978256596,12.157256311006913,23.30543900108178,88.63664582774977,6.383875311172034,0.0,0.9968041281244743,1.4603138116002082e-06,0.0001236796391457319,0.0018824041077980399,0.0005446672494041919,8.046627125144004e-07,2.6822090417146684e-07,0.0004325211091378331,0.0,0.9999179940079689,0.00011655688402384519,2.2828579177260397e-05
174845.82530060675,151069.70797528527,13.622874836755644,3.0519088237988368,12.799981719390212,18.737223629475988,89.0386356453897,0.01724094152653396,0.0,0.0,0.0,5.960464537143707e-08,0.0,0.0,0.9999886851173794,1.7583370384573936e-06,1.4901161342859267e-07,0.0,0.0,0.0017948448837473987,1.00000001
801869.2702795363,694961.7370145845,4.668995405820833,4.014836613670465,10.674402778463328,18.067811016351758,116.88226521563281,0.8730462194516188,0.0,2.9206276232004164e-06,5.960464537143707e-08,2.562999750971794e-05,2.0861625880002974e-07,0.0,1.788139361143112e-07,0.999984930024721,1.400709166228771e-06,5.960464537143707e-08,0.0,0.026881158620709774,0.9999998907907092
637365.2075226305,277930.14072440134,16.015775638269012,7.7317107415999144,9.892419760169508,16.879558566944784,84.19388309501613,0.3917893767817801,0.0,5.960464537143707e-08,0.0,0.0,0.00018435716813385486,0.0,0.9998682241290837,0.0,5.960464537143707e-08,0.0,0.0,0.004284888548784554,1.00000001
894630.3951393487,952336.1738095115,6.884210278929446,3.3316402766635105,10.691617374743041,22.18393326342662,77.97520429244541,0.2036918699981001,9.000301451086998e-06,0.00020202994548648595,0.006535440748719275,0.9682512380150318,0.009781539537970424,0.00015494227564305066,0.02748078135314643,0.00011241436117053032,0.0006731748648250102,0.0,0.0,0.0019656717973819374,1.00000001
803493.5655480766,621517.0548066125,9.193458679444095,7.931771228679233,11.040839736950812,15.221870425557617,122.37835378031058,3.772417307343838,0.0,0.0,1.788139361143112e-07,0.0,0.9999998907907092,0.0,0.0,0.0,0.0,3.87430194914341e-07,0.0,0.00021833181599557397,0.9999996523721277
80328.65015219222,55589.88502922841,12.80851393178692,2.1798505203889613,16.870749958442627,14.121656420697198,96.4538170441617,2.2693091633605444,0.0,0.0,0.0,0.27878552954032715,0.0,0.8985232800690645,1.1920929074287414e-07,0.00017324090177208185,2.3841858148574828e-06,0.0,1.00000001,2.0861625880002974e-07,0.0
473073.03367351845,584561.3851294378,6.864314296180415,2.8441339161514754,12.151364570681995,18.164532665551903,114.01962489423128,1.2074409426679154,0.0,2.0861625880002974e-07,5.960464537143707e-08,0.0946337292120996,0.9279742929749637,5.960464537143707e-08,1.1920929074287414e-07,1.1920929074287414e-07,5.751848278343677e-06,0.0,0.40596118975335266,0.00027793646136701106,0.6826915809235954
631413.868674439,561618.2768037209,0.8591917040866542,1.2227456274830488,10.556066041251064,23.38538742639973,58.592782768118845,51.046861118123275,0.8051650008609456,8.94069680571556e-08,0.030024320187404453,3.2782554954290385e-07,8.94069680571556e-08,1.788139361143112e-07,0.9895109037168252,2.9802322685718535e-08,6.288290086686611e-06,0.9390821550817394,0.0,0.0007248520923620462,0.06496596401330709
1471044.258352784,849303.7271670224,10.400827435192566,6.444782503276918,13.707772857517806,24.59727669374622,56.14529520509851,0.003992319107525348,0.0,1.00000001,0.0,0.0,0.0,0.0,0.0,0.0,0.0,0.0,0.0,0.003231227430230975,1.00000001
210027.7700989011,230116.01201548136,10.803039625956501,1.7691072236557925,14.808135158914592,15.05695915536448,102.42395744201653,0.33529907468925774,0.0,0.0,0.0,0.0006384551588961482,0.0,5.960464537143707e-08,1.3977289339601993e-05,0.9997894267879026,3.45706943154335e-06,0.0,0.8666933861617457,0.0002571046378096938,0.07770231443859844
199131.4249461296,155194.10300002183,2.85356505013549,6.351760514275316,13.28912509120517,15.835973743010266,121.30850017641583,0.07611244917811334,0.0,0.0,0.0,0.0,0.0,0.0,0.0,1.00000001,0.0,0.0,0.0,0.0020191371642801163,1.00000001
106792.7733967556,80606.56216310513,4.020092965530503,7.313305386979213,9.212638471937248,16.581021312517997,125.32420248384604,0.4955972731696489,0.0,0.0,0.0,0.0,0.00033727288583427665,0.0,0.0,0.9998517136423158,0.0,0.0,6.2286854413151735e-06,0.00012898445258378982,0.9999979834420573
1956052.3775563487,1779004.5519739732,16.798559146834247,3.0122448234694232,8.68163708265775,19.624044422904973,74.52166706654505,0.03396004438799798,0.0,0.00376918915703088,6.556510990858077e-07,1.2248754623830317e-05,0.010129004818163215,5.364418083429337e-07,4.500150725543499e-06,0.9937032560536706,2.2679567563831803e-05,0.0,2.9802322685718535e-08,0.015837311903063058,1.00000001
60106.584046197015,104035.42446782666,8.116498854518184,3.075452211483914,17.314283975263024,16.25455665940084,85.1578868964114,0.002680122852640748,0.0,0.0,0.0,0.9999998907907092,0.0,0.0,0.0,0.0,0.0,0.0,0.0,9.655952550172805e-05,1.00000001
313526.2768411701,266780.88901401684,5.319582750210243,1.8580255222657134,9.178605441649513,19.06361771069371,103.23228985549297,11.915387959690003,0.0,1.4901161342859267e-07,5.960464537143707e-07,1.4901161342859267e-07,0.9999754528861069,0.0,1.1622905847430228e-06,8.34465035200119e-07,0.0001648068444520235,0.0,1.00000001,1.5795231023430823e-06,0.0
829153.554547143,641502.0637583982,13.289578752239052,7.2639693111259565,10.068974827554378,21.13721848038468,69.27421570128189,0.8045713604443105,5.066394856572151e-07,5.513429696857929e-06,0.0,0.00037267804518491027,2.0861625880002974e-07,3.993511239886283e-06,0.9996727208922653,0.0,2.0861625880002976e-06,0.0,0.0,0.003425180946269631,1.00000001
868257.5872552241,861340.6343794265,15.310194259093873,5.464324480712323,7.486630800951232,19.644496922301016,110.5579283885072,0.06824940443841875,0.0,5.960464537143707e-08,0.0,0.0,0.999999533162837,0.0,0.0,0.0,0.0,0.0,0.0,0.0020579993930622932,1.00000001
804491.884702915,790603.8830379713,6.1418362399823545,2.3061002809586464,8.832239453230029,22.244297032976736,68.42384904922642,0.1999452710386902,5.632638987600803e-06,1.9371509745717046e-06,0.9997754196962404,8.881092160344123e-06,1.4603138116002082e-06,3.0547380752861495e-05,0.00023373961682409045,9.536743259429931e-07,5.590915735840797e-05,0.0,0.0,0.0019741654593473674,1.00000001
484134.3055487152,257361.28951693577,14.981622081095907,1.3905369346952543,15.364454634353455,21.296009068813206,83.74371052166504,5.122839511043513,0.0,0.0010584294901832937,0.003071159155085981,1.931190510034561e-05,8.94069680571556e-07,0.0024177432302016017,6.878376075863837e-05,0.9943934778470718,0.0536054974194473,0.0,1.00000001,4.172325176000595e-07,0.0
42305.67949697976,55664.36267647394,1.9406037337183537,1.5185167498843386,16.652425118269846,17.984615329985427,98.8276037619367,29.707449380078092,0.07491999939498245,0.0,0.0,0.9999995927674823,0.0,5.960464537143707e-07,0.0,0.0,0.0,0.3227773937078154,0.0,3.0398369139432907e-06,0.5920785128673488
761965.7622729194,642526.6956326244,1.630543447091692,2.5295414350425727,8.943332616773226,20.036989216735194,127.78601527818081,58.001627928881824,0.9658795691757023,9.396672342807054e-05,0.0004957318355542421,3.993511239886283e-06,0.0025791228075447677,2.5928020736575125e-06,1.0430812940001488e-06,0.9992604355602311,0.00015088915975779293,0.8509007181380659,0.0,0.002061218043912351,0.08025527080682515
1725337.9695976714,1128719.7281801,13.666450338212321,6.6968234858833755,9.265410040260718,19.41299915764127,75.61674237587778,1.0879474879591096,5.301833205789327e-05,0.2401630306418341,0.003065228492871523,3.87430194914341e-07,0.00025299191727906465,2.9802322685718535e-08,9.834766486287117e-07,0.9572696781517982,1.323223127245903e-05,1.4901161342859267e-07,0.0,0.012104541184354126,0.9999998311860638
146921.02900477906,122649.97526726683,0.29110467443764065,1.0564236045689779,13.338095254096988,24.530616766357223,35.00815197953679,66.32405281847177,0.999062548137598,5.662441310286521e-07,0.0,2.9802322685718535e-08,0.0,0.9999989371163832,0.0,0.0,1.0132789713144302e-06,0.9999482731678175,0.0,3.680586851686239e-05,2.0146370135545728e-05
770757.3815465153,590055.7174838118,4.435174824305682,3.021705153492398,10.057225768586916,20.45635319239115,85.0885620751741,7.5859256097658285,0.0,2.9802322685718535e-08,0.9999988179070926,0.0,0.0,0.0,5.960464537143707e-07,0.0,3.87430194914341e-07,2.9802322685718535e-07,0.8771987049084615,0.00029319525058209896,0.07399585917082101
155448.95188037297,123179.82556888302,3.176962543607173,6.024987347152003,9.979607378228224,20.44733810907534,91.80762440385729,9.729420990896452,0.0004346072717258334,0.0,0.0,0.0,1.4901161342859267e-07,0.0,0.0,0.9999996523721277,2.9802322685718535e-08,0.00020888447970420122,0.0,0.00035011768691182136,0.9998161892736744
462222.7189167233,476286.8579308214,5.983231188888123,2.6188982450247327,12.801498776809758,19.96918583384047,67.81970203219333,9.121071101308052,0.0,0.0,0.0,4.261732144057751e-06,0.0,0.0,0.9999910693031943,0.0,5.066394856572151e-07,0.0,0.9999033312652075,3.8385391619205474e-05,0.0001077353965088725
606225.9241814777,506450.3050652596,11.11773295778126,5.18017995954682,10.403830831236707,21.803148274904306,64.88970697207603,0.04113659263141125,8.94069680571556e-08,0.00036039948823839423,2.682209041714668e-06,0.0,0.0,0.0,0.9997041921450215,1.1920929074287414e-06,5.364418083429337e-07,0.0,0.0,0.0029910207093840836,1.00000001
13886.475749633315,10989.579643872978,6.524410035430206,3.3085537585812896,15.84442556658885,26.015914923559663,32.4586966645314,0.019510686399847862,0.0,0.0,0.0,0.0,0.0,1.00000001,0.0,0.0,0.0,0.0,0.0,2.7507543838918207e-05,1.00000001
525646.2684042045,515558.62619051966,0.14942011838238897,1.0011021196857939,9.109514240788059,22.391416555117434,40.54132342495184,72.2253793562983,0.9999997119767731,1.4603138116002082e-06,0.9966457585817223,0.0001116096984580159,3.844499626457691e-06,1.5765428700745105e-05,0.01620748655314237,5.662441310286521e-07,0.0006145536961022019,0.9999998907907092,0.0,2.8967857650518417e-05,0.0
1142616.6376303334,1687317.8808103579,0.06863911154204876,1.364475757404301,10.62395185738065,19.00070953806663,107.81465530897121,44.58707601356539,0.00021150708410054445,2.3633241889774797e-05,3.886222878217697e-05,0.013840854306346774,0.0003942847291320562,0.00018638372607648372,3.662705458074808e-05,0.9888084033664775,0.00119224191904217,0.03210273417150646,0.8815434663235217,0.014902681261316239,0.03713676370564192
68542.25977195987,58819.33303403327,6.434043600348713,6.459401913335797,12.676491743402147,23.946187978943144,56.10896200178092,0.8981248737438148,7.569789962172508e-06,0.0,0.0,0.0,0.0,0.9998182754362624,3.576278722286224e-07,0.0028182566447749733,5.960464537143707e-08,0.0,0.0,0.001198470604483485,1.00000001
66217.63159621724,80930.34027991844,0.8182608845614127,1.051667153909107,12.450841969220141,17.580032352564075,100.19722372756023,21.260274651167588,0.0,0.0,0.0,0.0,1.00000001,0.0,0.0,0.0,0.0,0.0,1.00000001,0.0,0.0
222662.27518394383,157216.45757522728,1.402858210083924,2.503826769354516,13.079435712366914,19.951084141635107,61.10480651521498,7.122089565638155,0.0,0.0,0.0,0.0,0.0,0.0,1.00000001,0.0,0.0,0.0,0.9996833901237868,4.529953048229217e-06,0.00023001432648837565
823892.4852807177,654569.3318948166,7.96544852525878,3.6553010978484632,9.433364067993436,15.900890353748325,119.28317398393297,4.10934016156858,0.0,0.0,0.9999913077217757,0.0,3.197789224177599e-05,0.0,0.0,0.0,0.0,1.1920929074287414e-06,0.2909282475000417,0.00031584501582324504,0.7097503017828667
597715.5189464579,864133.6329549184,3.1534003506823427,6.960283287933636,13.176579958514553,22.691875463292384,102.05459893221861,4.349449277435833,1.788139361143112e-07,2.8908253005146977e-06,1.788139361143112e-07,0.1686542647061044,0.8343005859835392,0.010977923979865908,2.9802322685718535e-07,0.0,5.394220406115055e-06,1.3709068435430525e-06,1.5199184569716453e-06,0.008943379014757275,0.9999969105584406
80718.88354965935,70434.02663780998,1.8983338124012779,6.856177099964478,14.638860590276245,19.192130093241193,83.63734349986049,0.1650555432036987,0.0,0.0,0.0,0.0,0.0,0.0,0.0,1.00000001,0.0,0.0,0.0,0.0014719069151249526,1.00000001
188686.62493283418,266812.1383764975,10.440489724825412,3.9360095006447233,17.60039449576212,20.61422729980132,51.11952752085793,0.018928050997099877,0.0,0.0,0.0,1.00000001,0.0,0.0,0.0,0.0,0.0,0.0,0.0,4.96804719170928e-05,1.00000001
28698.01357068899,25423.660173680808,13.97877951140591,7.225541779351852,16.279336639050133,22.224102025646204,74.2557233604958,0.018852055075002313,0.0,0.0,0.0,0.0,0.0,0.9999997119767731,0.0,3.129243882000446e-06,0.0,0.0,0.0,0.0007727742272406816,1.00000001
48349.451852880775,49331.15854706414,16.267597347033288,7.389508733340516,10.982160156234391,25.654977804916594,62.39548370510814,0.026324987414596077,0.0,0.0,0.0,0.0,1.4543533470630644e-05,0.9890535572728901,0.0,0.04572811768483549,0.0,0.0,0.0,0.001974463482574224,1.00000001
416730.33813549345,315358.71742044983,14.790214328994193,5.822779781555518,12.148630863252714,20.172508244487503,77.65238970865047,0.034588277344004506,0.0,0.0,0.12416583423802673,0.0,0.0,0.0,0.0029524267015060782,0.8895005672713178,0.0,0.0,0.0,0.0038446784403938054,1.00000001
173857.75582908298,138542.01216436588,11.018311265853141,6.686944671648834,10.75930667435871,19.832172398433883,91.53115034521502,0.09956732393482476,0.0,0.0,7.152557444572448e-07,0.0,2.9802322685718535e-08,0.0,0.985877344930337,0.07374706938104063,5.960464537143707e-08,0.0,0.0,0.0037288964167597888,1.00000001
495167.6237421449,277751.4985355537,1.5138969188082658,1.2253910902382166,12.606921142382538,24.08903504014501,59.636508079928504,67.24605561093864,0.9974462489690608,0.9999996523721277,0.0,0.0,0.0,0.0,0.0,0.0,2.6822090417146684e-07,0.9971798758088958,0.0,8.076429447829723e-06,0.0007617473678469658
885288.4610507002,545645.3387793109,1.1797857288531661,6.48213357516484,12.488899832950574,21.932672505901813,68.67628693881531,25.124961140727482,0.0,4.157424014657735e-05,0.0,0.0,0.0,0.0,0.0,0.9999979834420573,0.0,0.001188516628706455,0.0,0.002386063361186683,0.9995315174873804
277544.6703864614,334257.81102603313,3.2022793303817783,1.132655531357492,14.838985748204642,17.201730731962456,46.393392534930214,20.519542398482635,0.0,0.0,0.0,0.0018463134950256347,0.0007142424654859304,0.0,0.9926005105096536,0.0,3.6537647612690924e-05,0.0,1.00000001,1.5199184569716453e-06,0.0
32671.163539170062,19607.98020846428,6.031761719834083,7.152480193821148,15.063361294290035,18.25837707933856,80.05894139768343,0.002279877662926912,0.0,0.0,0.0,0.0,0.0,0.0,1.00000001,0.0,0.0,0.0,0.0,3.311038050383329e-05,1.00000001
36558.77524144415,24033.93158113899,22.22449022090244,4.70354772143153,17.703208931769943,26.16541672414349,35.093568713759765,0.0001646578312113881,0.0,0.9883793691290939,0.0,0.0,0.0,0.07254606557912886,0.0,0.0,0.0,0.0,0.0,0.0009527802562624215,1.00000001
82335.53814518343,115442.3098111071,1.6240825896981517,1.2394591275298135,17.738429197175204,15.282201770180961,61.48521840836384,7.012713701357938,0.0,0.0,0.0,0.9107803197386014,0.0,0.0,0.38001060865850445,0.0,0.0,0.0,1.00000001,2.9802322685718535e-08,0.0
309904.22511568235,489461.4155450901,2.85334539509849,5.664153403746359,19.29871774638774,15.258833888398756,32.109567822159676,2.193254977722706,0.0,0.0,0.0,0.9998893837781906,8.612871256172656e-06,0.0,1.2785196432173252e-05,0.0,0.0,1.4901161342859267e-07,0.0,0.0005371868664100765,1.00000001
506696.6538922425,695677.3474153911,0.005728673936871887,1.0000577867031923,12.178331142502698,22.20655632556748,48.51282939512344,56.64261818598512,0.0,1.0132789713144302e-06,0.9861657718092894,0.0005284845881858468,4.619360016286373e-05,2.9802322685718535e-08,0.04696741747139841,1.341104520857334e-06,0.0017441809351816772,7.450580671429634e-07,1.00000001,0.0,0.0
42607.57926006322,30093.00935856584,14.419221382244102,4.686370676061685,10.94764960333481,18.298885349614885,51.922751667265246,0.009783208371359705,0.0,0.0,0.0,0.0,0.0,7.152557444572448e-07,0.9999994735581916,0.0,0.0,0.0,0.0,0.0002458393598344922,1.00000001
605523.5413376127,408973.8214642591,10.686217550073222,5.278292602452026,11.440646951878135,20.44364357477243,99.65535805089097,0.022651851179880497,0.0,0.0,0.0006642937726646661,2.9802322685718535e-08,0.0,0.0,3.576278722286224e-07,0.9999166827057707,8.94069680571556e-08,0.0,0.0,0.002385616326346397,1.00000001
408159.9256636137,423824.5601604755,2.979649687819993,1.1506190600162718,12.860349840089278,20.859452252575707,72.97647148693699,32.96014577538111,0.0,0.3132454486223379,1.8179416838288305e-06,0.7728667932549435,0.0026347041393536327,6.854534217715263e-07,3.644824064463377e-05,1.0430812940001488e-06,0.008022129615896344,0.0,1.00000001,8.94069680571556e-08,0.0
493631.4757501097,510089.64054126886,3.5053785812776335,6.735205539313451,8.342291865745057,18.874998096987305,106.33421674864788,2.2360356154688277,0.0,0.0,0.0,0.0,1.00000001,0.0,0.0,0.0,0.0,0.0,4.264712376326322e-05,0.0005960464537143707,0.9999915461403572
168026.99052824642,128837.52264600298,0.4343920947588757,1.8686036181937584,14.034767574794643,16.551801685128495,123.85717094528432,8.796723038993052,0.0,0.0,0.0,0.0,0.0,0.0,0.0,1.00000001,0.0,0.0,0.9999996523721277,1.0728836166858674e-06,5.960464537143707e-08
423358.9015139598,257962.66613711877,8.154475357903207,2.848480227250061,13.878078824929837,16.804582599514127,102.05429092521672,0.2949123084892091,0.0,0.0,0.0,0.0,0.0,0.0,0.0,1.00000001,0.0,0.0,0.199284704532291,0.00018167495909214018,0.7996206959577852
687321.9776399266,652579.2683275079,1.66266601141834,2.1926437037339586,9.40475339145279,21.41023827111941,57.615604403076595,57.713583118552826,0.36606592305992064,1.4126300953030585e-05,0.0,0.0,0.999980280862382,2.9802322685718535e-07,0.0,0.0,4.321336789429187e-06,0.9902553657375144,0.0,5.0127506757378576e-05,0.012496978169479667
902069.4289311792,1027209.4727055567,14.398128323650855,2.1413230614277485,10.370769744089463,22.079236989590193,70.32979637693799,0.11319592596432118,1.4901161342859267e-07,0.0004529058978548646,9.208917709887027e-05,0.3414108787345433,4.878640223652124e-05,1.6987323930859565e-06,0.8859462230585282,9.489059543132781e-05,0.00024899840603917836,0.0,1.8775463292002677e-06,0.0022908449402058123,0.999999533162837
226826.06926207576,231737.50671308793,0.9720599893039236,2.4781623801843993,8.76402381479842,19.4341020629213,120.92957020374779,13.142066003438215,0.0,0.0,0.0,0.0,0.9999999503953546,0.0,0.0,0.0,5.960464537143707e-08,0.0,0.9999632935384511,7.838010866343975e-06,2.115964910686016e-05
817880.2074062742,738323.0051775825,0.3752378465012813,1.1798572542852592,11.380676870997068,24.045692449799436,44.98828783810752,68.65190417382146,0.9999613861897992,0.9985071520520269,2.4825334797203538e-05,4.288554234474897e-05,1.6003847282230852e-05,0.0063160658514297,0.0004979372074329852,3.2186508500576016e-06,0.0011832714199137687,0.999085495926066,0.0,0.0015302598629435896,0.0002502501035919785
39879.486277483746,24030.112214613582,0.5333012582673275,1.0355703235180693,11.252566879385618,21.23186684162031,55.886243882148214,42.500390117400094,0.0,0.0,0.0,0.0,0.0,0.9999994139535462,0.0,0.0,1.728534715771675e-06,0.0,1.00000001,0.0,0.0
21517.45815626384,17414.44856989266,1.944156146706309,1.4874790317823665,10.105747197910329,23.357103353514916,21.311214268787612,10.52454859142144,2.1457672333717347e-06,0.0,0.0,0.0,0.0,1.00000001,0.0,0.0,0.0,0.0003107786209666729,0.0,1.8209219160974024e-05,0.9993769626419323
334332.9476118522,334634.1922363555,1.2928639654712633,1.0559435785615936,9.628776584680423,21.701076512787445,43.83874759251558,75.31503916672801,1.00000001,0.757414229337753,0.04479074522940159,1.648068444520235e-05,0.165650279986352,0.004541248128527104,0.0005227327399075031,8.92281541210413e-05,0.0027337670599609613,0.9999978642327666,0.0,1.8805265614688397e-05,3.2782554954290385e-07
827606.0387245227,567306.3552054748,13.635796551542724,2.805023166135657,12.461500173780728,21.192884450250705,62.66901135714739,0.33794119958084967,0.0,9.536743259429931e-07,0.9758194186517792,8.34465035200119e-07,2.9802322685718535e-08,0.0,0.1796090024789208,1.0132789713144302e-06,6.7353249269723884e-06,0.0,0.008159518323477506,0.0003545582329919934,0.994950662072004
139848.18844409604,101723.49246696726,15.164399772045106,5.0331513939299795,12.597276812830064,22.012508397650393,93.24982941577588,0.004058182240009904,0.0,0.0,0.0,0.0,0.0,0.0,0.9999996523721277,0.0,0.0,0.0,0.0,0.0013121366632068156,1.00000001
59549.1876317633,40641.752486614045,21.788175924032625,4.332965348951976,12.172446912363023,21.42735481775562,51.98894992686069,0.03035783768057346,0.0,8.642673578858375e-07,0.0,0.0,0.0,0.9999988775117379,1.1920929074287414e-07,0.0,0.0,0.0,0.0013587474958872794,0.00014123320720762014,0.998894701456232
2045073.2997957382,1231524.9225143269,11.04819140807515,4.042202477032771,11.788519984136835,22.853130346155275,65.06034866257741,0.035388767723432184,0.0,1.00000001,0.0,0.0,0.0,0.0,0.0,0.0,0.0,0.0,0.0,0.01294794691635996,1.00000001
1570016.8776590994,602643.134298583,4.9353584544642874,7.85076178098889,15.351316816964387,25.013589865263036,44.465135039666464,0.012990236283876895,0.0,1.00000001,0.0,0.0,0.0,0.0,0.0,0.0,0.0,0.0,0.0,0.0010493397817641496,1.00000001
847801.0829381432,739155.4534725529,10.698041871824042,3.698183838407313,13.38906187456651,24.36613274225797,66.31634891321974,0.02558529377284646,0.0,0.0024538636452966925,2.9802322685718535e-07,0.9988275866255437,9.238720032572745e-07,8.642673578858375e-07,4.875659991383552e-05,2.9802322685718535e-07,3.686547316223383e-05,0.0,0.0,0.0012223422649547456,1.00000001
1049607.6567921871,769588.1659470326,10.300219253205146,1.6357319662116097,10.653513198203596,20.3955364275406,93.1300902409269,1.0444930197037225,1.4901161342859268e-06,0.01696571724691242,0.9798604347940265,0.0026296973491424323,0.00467792158036381,0.0022657215821817516,0.0006954670021939277,0.0006762445040616392,0.009787708618766367,0.0,0.8798359720475661,0.0003731846846705675,0.058092743739267885
122297.18980987566,104063.72250162857,0.7937574389278294,1.0309363306010644,10.757768338080968,18.565725330777376,109.84431684529204,39.087843899557065,0.0,0.0,0.0,0.0,0.9999997715814185,0.0,0.0,0.0,2.2947788468003273e-06,0.0,1.00000001,0.0,0.0
223400.06602471386,256251.58993373436,0.39159553064224456,1.0009001791490062,9.320526663927025,24.159814840582168,37.375947089407056,76.7559826464355,1.00000001,0.00016099214714825153,0.15039137156197338,0.003283530506544411,0.004687368916655182,0.14344334745799303,0.05158016137204855,0.5287573390430664,0.0728155977854985,1.00000001,0.0,8.702278224229812e-06,0.0
97983.6364825858,127092.07214388988,16.864997297262576,3.008751752862016,15.445140309536074,15.791194919143733,97.03479379861845,0.01927763223874867,0.0,0.0,0.0,5.1349401987493036e-05,0.0,0.0,0.9999473194934916,5.406141335189342e-05,0.0,0.0,0.0,0.00058171153650254,1.00000001
847097.5819470073,498632.7562180194,17.261443763842433,3.6708181836612646,15.796463020217438,17.45795822532866,143.5949105092848,3.0419369045498454,0.0,0.9999988179070926,0.0,0.0,2.950429945886135e-06,0.0,0.0,0.0,5.960464537143707e-08,0.0,0.999999533162837,9.14931306451559e-06,5.960464537143707e-08
633209.2404753934,322044.51852318284,22.996329792162342,2.752609791875219,15.15001130825494,22.694158559606574,92.24405289118054,0.1252742111830273,0.0,0.866416939816513,0.0,0.30828184197670877,0.0,0.0,0.0,0.0,2.9802322685718535e-08,0.0,0.6074269474690753,9.447336291372776e-05,0.2010523995000717
389457.23534059344,261293.67456998568,22.89148112116745,6.908523091173901,13.102261668722388,22.53188515257344,79.89389032483903,0.030253976587040123,0.0,3.87430194914341e-07,0.0,0.0,4.47034840285778e-06,0.0004275441212493181,0.0,0.9995502333460271,0.0,0.0,0.0,0.014054864785552918,1.00000001
207492.55752051383,171401.93206574468,9.349980977356166,2.4642003199513645,8.161581788373239,18.94106865364858,103.83529201631147,2.865428775886044,0.0,0.0,0.0,0.0,0.9999858240944015,0.0,0.0,1.5586614764630793e-05,8.94069680571556e-08,0.0,0.9999985198838657,1.7583370384573936e-06,2.384185814857483e-07
426015.8057869727,472066.80513538024,6.412487413665405,3.4048355852149594,9.963442330336537,17.11981201550619,113.26130003266591,17.645632477690505,1.4871359020173549e-05,0.0,0.9999696116308605,1.9818544586002825e-05,0.0,0.0,0.0,0.00012952089439213275,8.94069680571556e-08,0.05769553838251262,6.258487764000893e-07,0.0011752545951113104,0.9178840013739693
205498.90093689234,172024.1415942481,1.2054306749601578,5.769120759624461,10.632070367630792,19.49595737910274,57.76385456568567,3.829705566618385,0.0,0.0,1.00000001,0.0,0.0,0.0,0.0,0.0,0.0,1.5199184569716453e-06,0.0,4.96804719170928e-05,0.999998102651348
323529.59504042554,230888.3920914612,2.9263626108519176,6.591384657264426,12.728215640883901,20.186373715378068,115.47232539002569,4.083851129297058,0.0,0.0,0.0,0.0,0.0,0.0,0.0805690296600604,0.9878354171354341,0.0,4.768371629714966e-07,1.1920929074287414e-07,0.010474234924154578,0.9999994735581916
1020448.0531937722,559259.123544002,21.436879594415654,3.5966073311706817,8.537166778338236,16.243194583591624,167.82813430641835,1.4284497501146471,0.0,0.0,0.9941210846177243,0.0,0.051312327898072004,0.0,0.0,0.0004524886653372645,1.3113021981716154e-06,2.6822090417146684e-07,0.9919780591980397,0.000141352416498363,0.00268623235527724
808777.3704756725,556487.1314843998,3.5887601626122607,1.8031429659872824,15.476559169509683,21.998462682313974,107.39261597894392,17.265685798768928,0.0,0.9999953608376609,1.6182661218345165e-05,0.0,0.0,0.0,0.0,0.0,0.0,0.0,1.00000001,5.125999501943588e-06,0.0
889261.9837349381,662925.2378145705,12.51550558036194,5.573498374796814,16.318373330257533,24.914106375241712,116.36931151697141,0.16115695240009367,0.0,0.24885291109982668,0.9222695323664635,0.0,0.0,0.0,0.0,0.0,0.0,0.0,0.0,0.0009460747336581349,1.00000001
781119.0659460234,537840.6368922016,8.893678954268049,6.343649931435207,14.738384313449096,19.984973912153507,110.35760760821967,3.3877740804366323,2.0861625880002974e-07,6.44624239692092e-05,1.549720779657364e-06,0.0,1.1920929074287414e-07,0.00029936433137804267,0.0,0.9999104242180067,1.4305114889144897e-06,5.662441310286521e-07,2.9802322685718535e-08,0.026570707825292646,0.999999056325674
1078157.1246965677,1885161.2404342487,0.06402370931880981,1.0038454234655,11.007106488224116,23.91853714580462,84.63848248506885,52.479977017854715,0.0014345944071224332,0.020033836565084458,0.8607851948985927,0.03244975241685897,0.002757400301850736,0.0028986633113810417,0.13575834171631754,0.06410896842215656,0.07040834497288227,0.08399453843187958,0.9999992351396101,0.000461965803951323,0.0
550287.6252396819,459847.43636760314,4.496028973190987,4.462050830303224,8.64130926543693,19.738079075650575,113.80056798990411,33.20624336990965,0.08961293190923661,2.801418332457542e-06,0.4698552834289452,5.066394856572151e-07,1.1116266361773014e-05,2.384185814857483e-07,1.4305114889144897e-06,0.8829077570514285,1.3113021981716155e-05,0.014242470406859517,0.0,0.0026118457578536867,0.9759289123853265
728410.7217534637,625639.8873632251,10.002696946662372,2.763596775667007,9.103024189038601,20.1166324662718,109.27532911809764,0.05315661430984258,1.788139361143112e-07,5.039572766155004e-05,4.7743320942521095e-05,0.00012287497643321751,0.00013864040513396263,1.788139361143112e-06,2.4765730151832104e-05,0.9996308188265692,2.6941299707889554e-05,0.0,0.0,0.00969037423287481,1.00000001
612154.3410106204,392902.4479480351,15.339036994394144,3.4169440900044434,7.501885864730698,17.260286335008097,112.41540819931717,3.0728723112383607,0.0,0.0,1.1920929074287414e-07,0.0,0.13082495462589175,0.0,0.0,0.952098498328663,1.3113021981716154e-06,0.0,0.9996051888290596,6.037950576126575e-05,8.53836544945836e-05
253967.417036914,138657.4611979749,1.2177040104211523,1.3658872549992433,18.272012838481537,23.56464386566473,82.76382983104014,5.910747498969231,0.0,1.00000001,0.0,0.0,0.0,0.0,0.0,0.0,0.0,0.0,1.00000001,0.0,0.0
237462.07245865738,209911.04227334593,7.567532398873127,2.911305430281706,9.154977147170335,18.355543140770287,110.96450925391119,9.31661367525989,0.0,0.0,0.9787420132282769,0.0,0.12323942903734117,0.0,0.0,0.0,4.4405460801720616e-06,0.0,0.9999999503953546,1.4305114889144897e-06,0.0
172251.16455899502,153254.90645052874,10.12520270689663,3.6586293616128307,7.133944365799079,18.16782379561885,133.55913580097595,0.10444626213348834,0.0,0.0,0.0,0.0,1.00000001,0.0,0.0,0.0,0.0,0.0,0.00029274821574181315,3.9309263622462746e-05,0.9997872214160239
1063331.6100346285,1005799.3192170846,3.7432579291592067,6.5191763122249,14.808357961076869,22.38366509027126,128.31556648622723,14.568534793183519,0.0,0.03515753185143798,0.0,0.0,0.979439924020931,8.94069680571556e-08,0.0,0.0,0.0,2.0563602653145787e-05,0.5881378113432616,0.001090586196361184,0.4514359876953596
859799.1758682908,1001744.3672200828,5.897961809243531,6.51278889966771,9.029001925714853,21.817708974371744,101.68951184027713,1.4149098099942645,0.0,1.788139361143112e-07,0.00010231137378007173,2.7120113644003867e-06,0.9999575118878501,5.960464537143707e-07,2.9802322685718535e-08,0.0,5.662441310286522e-06,0.0,2.1457672333717347e-06,0.0018702447601422667,0.999999056325674
1004092.9130655435,876741.5354628714,14.288845973073775,2.7231483782112287,9.220415268758732,20.409671788262788,95.14544398029189,0.5517861247711843,7.450580671429634e-07,0.04646590398524314,0.012944936881768702,0.018700719066706895,0.8637517777033745,0.004858285237257778,0.15313595686506926,0.0026027262471118567,0.006174981655835509,0.0,0.03624144232751757,0.0005651712474119663,0.9528403377449559
914799.7219657436,702136.2434250009,9.754550269561326,4.24401742683356,14.006695754045344,24.163646703986686,137.9149824446472,0.6712871790722,5.960464537143707e-08,0.9999697904447966,7.793307382315397e-05,3.87430194914341e-07,2.9802322685718535e-08,1.788139361143112e-07,0.0,5.066394856572151e-07,1.6391277477145194e-06,0.0,0.0,0.009224832150201201,1.00000001
256059.65693823376,183054.8193347755,2.4680334099524477,1.0079985559100928,12.535252696284415,20.077457432690224,108.3531096628082,50.41861296293233,0.0,0.6256146493530702,3.0428171462118623e-05,0.0007795691568130254,3.635883367657661e-06,4.51803211915493e-05,1.972913761794567e-05,0.7022175859101152,0.017112881116334498,0.0,1.00000001,0.0,0.0
120565.3660454716,82407.74069497538,6.452784850393191,7.742641816234824,11.911459213206914,20.986390118826314,75.78971445897838,1.882059276325392,2.0861625880002974e-07,0.0,0.0,0.0,0.0,5.960464537143707e-08,0.5232936792250937,0.7668064909368025,0.0,0.0,0.0,0.0020747184960889817,1.00000001
379920.1845532113,466278.55516611895,11.669943074354231,3.0605040222039834,9.686508004509626,21.822729115974877,153.4502860977304,2.460309714368351,0.0,1.4066696307659149e-05,0.07915988643651158,1.835823077440262e-05,0.28634655761963007,0.4283510191360339,8.642673578858375e-07,5.960464537143707e-08,0.00037974119566142555,0.0,0.9825162389778417,0.00015375018273562193,0.007255762888033091
1398354.249717425,1135965.5873015139,16.720084958956782,1.8323844981163822,10.746578162065509,22.622341161512843,51.489903034907385,0.21296337249400285,0.0,0.0002087056657680869,0.00045013428184509277,0.0008081793865913152,1.4901161342859267e-07,2.0861625880002974e-07,0.9946533541008913,1.1920929074287414e-07,0.00013625621931910513,0.0,9.801983931332825e-05,0.0004249513191756606,0.9999361734248071
70047.84507192978,64459.32213908086,13.140636758475354,3.252379867671955,12.511177545783143,24.50031281126963,52.875492873006394,0.009608417750535309,0.0,0.0003084242374745011,0.0,0.0,0.0,0.9999411802150183,1.2516975528001785e-06,0.0,1.4901161342859267e-07,0.0,0.0,0.0022738576162749527,1.00000001
1378767.1049032973,1051973.2036109096,6.518691065129507,3.3913337324448927,15.088808305296109,27.94101906539661,70.53668409896397,21.289087238432177,1.1920929074287414e-07,0.9994856815150898,9.238720032572745e-07,0.0023446083303308484,0.0,0.0,0.0,0.0,0.0,0.01378116025400728,2.0861625880002974e-07,0.0006169974865624309,0.9799719550855165
499026.72268901666,335474.97369465407,5.066440464777736,7.585577139725655,14.565397209904502,23.049015050806332,55.63423022861853,1.531082242907407,0.0,0.9999999503953546,0.0,0.0,0.0,5.960464537143707e-08,0.0,0.0,0.0,0.0,0.0,0.00898191341798991,1.00000001
79963.01599468003,85176.60781832946,0.5701600791950021,1.0030750036283553,6.827440563115206,24.531087881469677,59.593747409741226,72.27206111804544,0.9999998907907092,0.0,4.768371629714966e-07,0.0,0.0035334527845868467,0.9246813151321279,5.960464537143707e-08,0.12577644116293102,2.2292137368917462e-05,1.00000001,0.0,2.5928020736575125e-06,0.0
169906.9688060155,171468.25015723135,0.3997165919700614,1.0205731094177417,9.611414288090888,17.396416667997414,141.73216552217832,51.18956626063808,0.0,1.1920929074287414e-07,1.1920929074287414e-07,6.258487764000893e-07,0.7369038536329239,0.0,1.4901161342859267e-07,0.36767965922870693,0.00011941790700167416,0.0,1.00000001,0.0,0.0
109698.46543749467,110036.34370952564,12.326224688879536,1.7262611995581763,17.674364813637922,13.701592448092782,105.77550367012039,0.3368012607493862,0.0,0.0,0.0,0.07452127411977022,0.0,0.0,0.0,0.9770953752952456,0.0,0.0,0.9999998311860638,3.576278722286224e-07,0.0
695395.9327236246,676276.3543268549,1.0418838266077861,1.1138627530770897,12.387061721024638,21.291208272302917,57.472311409762135,35.520245735055774,0.0,5.489587838709354e-05,0.9942324856999236,0.0060917735708969824,5.468726212829351e-05,1.0222196681201458e-05,0.00700601942392677,2.542138125091791e-05,0.03374394808180898,0.0,1.00000001,1.4305114889144897e-06,0.0
416199.40453979914,376366.8477914042,20.466485984087207,1.9584688259942564,18.186909922677156,23.10035515397179,138.84360612099488,0.005975812674271762,0.0,0.0,0.0,0.9999998907907092,0.0,0.0,0.0,0.0,0.0,0.0,0.0,3.2007694564461704e-05,1.00000001
123863.15506246226,151129.77619427585,0.018401622778433564,1.0042557716430425,8.500173483366321,22.155040746327746,108.45577478913715,48.15116316646577,0.0,0.0,0.0,0.0,1.00000001,0.0,0.0,0.0,5.960464537143707e-08,4.816055346012115e-05,1.00000001,2.6822090417146684e-07,0.0
212357.4299373618,257625.69384503586,12.359593729380007,2.3458669204865097,15.019233949183876,18.06739330700104,129.30438519135987,0.019862800838899908,0.0,8.94069680571556e-08,0.0,0.9999835591178774,0.0,9.238720032572745e-07,1.4901161342859267e-07,8.34465035200119e-07,1.1920929074287414e-07,0.0,0.0,0.00047779083729743957,1.00000001
642089.7524570081,487196.010372813,10.679513219626621,6.019728548545247,14.187562293609773,22.685731893344176,73.97589028209704,1.2826642395574872,4.321336789429187e-06,0.9998706679195439,4.112720530629158e-06,0.0,3.576278722286224e-07,0.00025236606850266455,0.0,3.1590462046861645e-06,1.8775463292002677e-06,0.0,0.0,0.005998998940376341,0.9999998907907092
46649.308927812635,47287.27663326091,2.7071265945043526,5.795637137588215,11.719876890995018,24.654584890785614,65.02260908766627,4.9639801686881695,2.384185814857483e-07,0.0,0.0,0.0,0.0,1.00000001,0.0,0.0,0.0,1.549720779657364e-06,0.0,0.0007479786947661638,0.9999955992562425
19497.152396024478,15942.950812193165,11.16000111480085,4.355085556531718,15.357690460842544,22.255191808370764,40.56902662076358,0.0013881921769821643,0.0,0.0,0.0,0.0,0.0,1.00000001,0.0,0.0,0.0,0.0,0.0,9.700656034201384e-05,1.00000001
924826.3348998049,687716.572323448,16.8473419723207,6.366423733748167,11.122342770627622,19.390882496562583,54.146323951362504,0.00885859131917268,0.0,0.0010991096606492996,0.0,0.0,0.0,0.0,0.9990425805813985,0.0,0.0,0.0,0.0,0.003391832147184312,1.00000001
731735.905378586,627178.3976426886,12.912446050237863,3.3181672129369115,9.09270269111651,19.428514485099733,69.32985455102,0.09958758951405078,7.74860389828682e-07,2.9802322685718535e-08,0.9997201065853357,0.0,1.4901161342859267e-07,0.0,1.6152858895659446e-05,0.0003748834170636534,1.788139361143112e-07,0.0,0.0,0.003798782863457799,1.00000001
98129.74105928792,69211.48213453959,11.569749502276009,2.539037647061754,11.368855839421004,20.61140919219546,78.51271137946524,0.2394226193709713,0.0,1.788139361143112e-07,5.066394856572151e-07,2.503395105600357e-06,0.0,0.9999744396071356,1.996755619943142e-05,2.9802322685718535e-08,2.0861625880002976e-06,0.0,0.019977033338045475,6.911158630818128e-05,0.9701991178257703
402840.89909699146,293869.74609549873,14.349256401141362,2.3350768704413407,14.640884585199847,23.769714361334287,58.31648886451543,0.012189745904449224,5.960464537143707e-08,0.27730822840479613,3.8146973037719724e-06,3.069639236629009e-06,7.152557444572448e-07,0.5590085443130773,4.7296286102235316e-05,0.17645269808792172,0.00012531876689344645,0.0,0.0,0.0074602664263024926,1.00000001
458098.61906670046,319267.3182365006,9.895960477357512,1.708218813954246,14.137613303240986,27.68678665870095,25.81625834188508,53.49477589759751,0.9998170237387096,0.0002314150356546044,3.635883367657661e-06,0.9998959402891814,0.0,0.0,6.675720281600952e-06,0.0,3.6060810449719427e-06,0.9901524881196033,0.0,1.9669532972574233e-06,0.004984438469186425
2661602.932639341,2176173.8798638918,6.123005892914836,7.493999609687604,9.167860244109834,20.350900654821572,138.29405189218406,8.231761754527554,0.0,0.14839393048860847,0.0,2.1040439816117284e-05,7.990002712041139e-05,0.0,0.0,0.9525600767024195,2.562999750971794e-06,1.0848045457601547e-05,2.9802322685718535e-08,0.028383791730523703,0.9999924998146832
346256.4973906212,230642.39016571082,15.22464876689273,4.737427418802774,15.787816293605044,18.686357502445933,81.20149046547769,0.010755956174208521,0.0,0.0,0.0,0.0,0.0,0.0,0.0,1.00000001,0.0,0.0,0.0,0.014102161071655153,1.00000001
519088.7073774262,555839.4016432038,5.301090266111283,4.544935946760361,9.397974823420158,19.85314274298389,116.312905555455,6.049604714628496,0.0,2.9802322685718535e-08,0.0032015443168359995,3.576278722286224e-06,0.9993729095260471,0.0,0.0,0.0,4.082918207943439e-06,2.9802322685718535e-08,0.7454494312444723,0.00015240907821476458,0.2974559694471854
49972.442616272034,54398.06906573065,6.724608399755653,2.2170830982429015,11.630572026545906,24.821329123015456,92.17459440652732,0.012288540603176057,0.0,5.960464537143707e-08,0.0,0.0,0.0,0.9999992947442555,0.0,0.0,5.960464537143707e-08,0.0,0.0,0.0008213818155410885,1.00000001
1130065.8072327133,1011658.0538594966,4.556567312826307,3.7925651709396044,12.383667117293774,25.372735983539332,63.62568691647875,1.1368964613821502,0.0,0.0011754632113701105,0.9996807079147452,2.9802322685718535e-07,0.0,0.0,1.1920929074287414e-07,0.0,8.94069680571556e-07,0.0,2.6702881126403807e-05,0.001035749922619462,0.9999942879540443
708433.9026155042,602101.478682252,10.24923105586126,2.8526798811199674,10.269312774064725,21.47665405788333,72.70215928876084,0.05343779922160357,0.0,4.9263239399492735e-05,4.172325176000595e-07,0.0,0.0,0.0,0.9999209742402374,0.0,1.6391277477145194e-06,0.0,0.0,0.005146205476724505,1.00000001
110115.72072733656,106014.55075826721,11.259783605564847,3.1651955873903166,12.562861388943588,21.08160973097765,113.7455916457927,0.04299849272280156,0.0,6.556510990858077e-07,1.8179416838288305e-06,7.02738768929243e-05,1.1920929074287414e-07,0.99996150539909,1.4901161342859267e-07,0.0,5.662441310286521e-07,0.0,0.0,0.001026868830459118,1.00000001
88736.74491194499,123196.6655031087,4.719811584159839,3.3898202215002717,16.69562620719575,19.499309544325957,88.20101932092201,1.5989187361690955,5.960464537143707e-08,0.0,0.0,0.9999999503953546,0.0,0.0,0.0,0.0,0.0,5.662441310286521e-07,0.0,4.017353098034859e-05,0.9999996523721277
16077.2989686513,13743.86373140276,10.723488334463866,7.374380716847042,13.469318217492605,28.549098975864954,54.24074843752762,0.001666843891339898,0.0,0.0,0.0,0.0,0.0,1.00000001,0.0,0.0,0.0,0.0,0.0,6.857514449983835e-05,1.00000001
2409599.0006469265,2572768.7403068747,0.49675295369717987,1.2722938660696859,14.46058881971406,26.956241614527343,26.62613079037098,48.041171735216565,2.9802322685718536e-06,0.00015524029886990784,0.061412811893424984,0.9033215732307559,0.0,0.0,0.0006162822308179736,0.0,2.419948602080345e-05,0.0872895130303353,0.30906436156346767,0.0013402104511767625,0.012011349321315885
1246432.13912384,877535.6164850184,9.127986481889321,3.6068362034844887,13.445171720231503,23.46469688992549,65.81450671243795,0.565156340665549,0.0,0.9997936587177241,6.556510990858077e-07,1.9371509745717046e-06,5.960464537143707e-08,0.0005974471628805995,8.94069680571556e-08,0.0,4.976987888514995e-06,0.0,8.761882869601249e-05,0.008786708204398452,0.9999394516803025
337877.84717566305,288280.79761583614,3.122033787828423,7.093281158568884,6.479258361563907,19.372323994359515,113.39933366113674,3.0287617448555313,0.0,0.0,0.0,0.0,1.00000001,0.0,0.0,0.0,0.0,5.364418083429337e-07,0.0,0.0001905560512524843,0.999999533162837
31511.458461596994,19842.697642207757,11.497609142373097,7.691968510174121,13.34574187437422,20.41805649285525,75.06988466119672,0.0035819411281985043,0.0,0.0,0.0,0.0,0.0,0.0,1.00000001,0.0,0.0,0.0,0.0,4.8905611527264117e-05,1.00000001
138623.81718270204,132388.31826165042,15.088572030396564,5.650224096265675,10.300301675933044,19.794412617538292,94.64734435515571,0.026502311232823726,0.0,0.0,2.9802322685718535e-08,2.9802322685718535e-08,5.960464537143707e-08,0.0,0.9996739129851728,0.0005559027250567079,1.4901161342859267e-07,0.0,0.0,0.0025142431510579584,1.00000001
227910.48575675642,136708.71623216828,2.7037647256448794,4.563195293271583,15.508160777324262,18.625923160996383,101.16128564348415,0.7894329727624758,0.0,0.0,0.0,0.0,0.0,0.0,0.0,1.00000001,0.0,0.0,0.003640145099801719,0.0001788139361143112,0.99827415749327
163020.48612377906,179412.0117073795,0.16838984495129766,1.0584121347308153,14.058507270354959,15.864631656227228,121.98854476787756,44.311352675405814,0.0,0.0,0.0,1.1920929074287414e-07,0.0,0.0,0.0,0.9999997715814185,4.47034840285778e-07,0.0,1.00000001,0.0,0.0
312914.09121047304,240946.867443702,9.509833386772963,2.402869643784953,13.365299648450458,19.513850216632747,90.24142623359188,1.7378747465270876,0.0,1.4901161342859267e-07,1.1920929074287414e-07,4.172325176000595e-07,0.0,5.960464537143707e-08,0.1419945373429495,0.9750017025219285,8.952617734789848e-05,0.0,0.9997871022067332,3.403425250709057e-05,6.988644669800996e-05
101518.84543671741,69433.87343086014,14.873191886204538,7.5220334623048615,12.431861227710248,18.867322926086466,77.40753576505158,0.06452053786083162,0.0,0.0,0.0,0.0,0.0008004009803703427,0.0,0.23696786402205286,0.46128607257550713,0.0,0.0,0.0,0.0033324659203943607,1.00000001
435675.2937004942,512062.86417435197,21.024787337730412,6.132006235301561,14.131359822326754,18.153808597860568,145.42276353338443,0.008724331856800317,0.0,3.9637089172005654e-06,0.0,0.9941755632635938,0.00842866309965223,2.503395105600357e-06,0.0,0.0,1.1920929074287414e-07,0.0,0.0,0.0011774301646673678,1.00000001
164468.67319718743,111810.43946057933,21.42491589316344,3.857063684968742,11.382165139373173,18.475382809081665,58.69969025503992,0.4662957788062316,0.0,3.9637089172005654e-06,0.0,8.94069680571556e-08,0.0,0.9467051123875831,0.3334265384638124,0.0,5.662441310286521e-07,0.0,0.9844514229991161,4.079937975674867e-05,0.005981773197863995
244406.69879896916,134414.31859581193,5.010500766539539,4.386361097166684,14.703465707151187,14.40507316883264,125.80240369436937,0.027619451287657915,0.0,0.0,0.0,0.0,0.0,0.0,0.0,1.00000001,0.0,0.0,9.834766486287117e-07,0.000283658507322669,0.9999998907907092
361092.261735875,264097.95763748453,8.734017088979735,6.868331083097991,10.796333139315458,21.76564217137696,52.22516805150087,0.05993545056094527,0.0,0.0,0.0,0.0,0.0,0.0,1.00000001,0.0,0.0,0.0,0.0,0.0018174946489885448,1.00000001
80316.1641743363,107106.88958453493,7.002330877762382,6.280568130407438,16.8192075571043,13.795310023195311,133.3033505145363,0.00859767198663771,0.0,0.0,0.0,0.9139259548980789,0.0,0.0,0.0,0.28878248026666997,0.0,0.0,0.0,0.0008575022306361794,1.00000001
234718.13905640994,185249.04540362448,1.5764642005524259,1.0567016900395747,13.17592281730559,20.92501068612891,115.76134056395256,48.9837086258342,0.0,0.9469643925949489,2.6822090417146684e-07,1.6093254250288008e-06,0.12189129116833,0.006841212579474747,2.0861625880002974e-07,5.960464537143707e-08,0.0009961128334474564,0.0,1.00000001,0.0,0.0
2312266.8897445765,1956835.472650123,18.31187649391838,2.7310038233690115,9.73023105131008,21.331636433936644,49.201841058357246,0.024924129250597653,3.576278722286224e-07,4.410743757486343e-05,0.9978056053760052,0.00313520434653759,1.075863848954439e-05,2.0861625880002974e-07,0.00011375546569138764,0.00024822354564934965,1.7166137866973878e-05,0.0,0.0,0.0018661618419343231,1.00000001
81930.02340168368,52188.21831564136,1.0942075971485345,7.09618926919163,13.965384728406166,19.433334355096356,67.48966962393894,0.6213299930826649,0.0,0.0,0.0,0.0,0.0,0.0,0.0,1.00000001,0.0,0.0,0.0,0.0005317330413585901,1.00000001
764392.3282081723,629271.7577137528,5.24050076184887,1.2387550476623983,10.594976311006835,18.571839336821768,115.25324523988705,23.91378626508717,0.0,0.0017836988150629401,2.9951334299147126e-05,0.0031096041513505577,0.9789421656274342,3.3676624634861942e-06,1.2874603400230407e-05,0.0015323460255315898,0.032722473471755976,5.960464537143707e-08,1.00000001,6.2286854413151735e-06,0.0
695078.5652566301,531904.299666296,10.972873548400045,1.2922175530793494,12.401168352310348,19.955825810337757,87.06882045068191,0.48657402401926486,2.384185814857483e-07,0.004891306210793554,0.00034406781540662046,0.929155239813708,0.00023809075593620536,0.019494950966281295,0.0015168190154123305,0.11398273820418893,0.009111225696123241,0.0,0.9506261443786979,0.00029864907563358545,0.020264059507831632
873669.4200453128,641363.1777029287,2.7015743503160756,2.1692745106234863,14.00550789307905,17.93099403785441,123.96565914738493,27.81421363680955,0.0,0.9999993543489009,0.0,0.0,1.788139361143112e-07,0.0,0.0,0.0,1.788139361143112e-07,0.0,1.00000001,2.056360265314579e-06,0.0
77185.53817431221,72420.79166130137,0.4502354861826852,1.0421277583247242,6.4599809677368265,23.67800713169137,50.65290272444347,66.72801674197358,0.9974086384378313,0.0,0.0,0.0,0.999755630953977,0.0021082163067877293,2.9802322685718535e-08,8.94069680571556e-08,2.3841858148574828e-06,0.9999811749320625,0.0,7.3611737033724784e-06,1.9222498132288456e-05
3046959.344427531,2708759.8895576955,7.574789836581573,7.193122395779691,9.655032818146676,23.680919653054584,53.326223345832624,5.168105215442226,0.00015124678763002157,0.6592260069012504,1.5437603151202202e-05,0.0019676089483565092,9.238720032572745e-06,5.662441310286521e-07,0.7005429933984046,5.960464537143707e-07,5.6236982907950874e-05,1.22189523011446e-06,0.0,0.009790033199935853,0.9999978642327666
24247.04200187089,17945.514124494206,0.3260342360644314,1.0016426444077116,9.37243894188868,27.085540778386108,15.870915651622484,73.13590676452844,0.9999992351396101,0.0,0.0,0.0,0.0,1.00000001,0.0,0.0,0.0,1.00000001,0.0,8.94069680571556e-08,0.0
1330135.525659635,1265905.2975079583,4.022839976716123,1.8200957488808398,8.44186252757569,20.415520672847137,83.9182749428509,11.91251278063731,2.23517420142889e-06,0.02129760405857235,0.003957420627113879,0.006002456009807884,0.3218366237875953,0.001308798803066015,0.014048069855980574,0.7682836132583976,0.015155762585563361,9.536743259429931e-07,0.9998081426465493,0.001573324219224453,3.963708917200565e-05
31371.876410640507,22127.720469819924,2.715093279802149,1.4036175912424138,14.455484397142353,20.214306836114332,108.34030122069174,5.421110839289434,0.0,0.0,0.0,0.0,0.0,1.00000001,0.0,0.0,0.0,0.0,1.00000001,3.2782554954290385e-07,0.0
1230975.2439697238,563764.7607910022,14.176425819417934,4.422001307130852,13.654337889497672,22.9078311976128,59.75351587193051,0.0002685189247447252,0.0,1.00000001,0.0,0.0,0.0,0.0,0.0,0.0,0.0,0.0,0.0,0.002709716585553586,1.00000001
48704.46361132151,37963.50851445382,7.8814556148452715,2.87874460488729,10.297977899448401,24.18951225880434,39.208484144516596,0.19620373847408681,0.0,0.0,0.0,0.0,0.0,0.9999998907907092,5.960464537143707e-08,0.0,2.9802322685718535e-08,0.0,2.4318695311546325e-05,0.00019559264378637075,0.9999839167457496
655480.8705285441,493783.375983732,8.686100533558884,2.408071490153544,11.478952651721661,16.84673691166109,49.6833954771842,30.2696925437299,0.0,0.0020097792349568007,0.059740812183788114,1.1920929074287414e-07,0.8420060957232225,0.0,0.0008881390183570981,0.0,0.00020685792176157236,0.0,1.00000001,2.950429945886135e-06,0.0
4198416.595016305,3391329.992198442,5.859078456950733,7.735659012880121,12.314629739426579,21.175317769337013,24.92113187985645,10.192185492522551,4.6908855907320976e-05,0.7878316719637047,0.032587051717472074,0.0,1.844763774245977e-05,0.0,0.014358103418880105,0.0,5.245208792686462e-06,5.751848278343677e-06,0.0,0.023237467044508457,0.9999915461403572
192212.7023509219,127612.7212443312,2.1824395187121644,1.07688218366162,9.28619635547333,19.126007084492503,104.17641267663399,32.095948014459054,0.0,0.0,0.0,0.0,0.9999984602792202,0.0,0.0,0.0,3.108382256120443e-05,0.0,1.00000001,0.0,0.0
799812.6247329998,457620.7456832882,18.57309837968778,2.2446826118130607,12.99148017786687,18.459457401667017,82.22223729265558,0.3951407969462827,0.0,0.0,0.0001526176944735646,0.0,7.74860389828682e-07,0.0,0.9994673828889608,0.0001427531256645918,3.764033355206251e-05,0.0,0.8262261234890067,0.0001569390312629938,0.104431391806643
631289.1952537582,488977.74485691753,10.258545664438321,2.1568322198227836,12.949062651601555,19.46715641473827,88.78684282706892,2.2188301387059393,0.0,0.00018814206311494112,8.642673578858375e-07,4.261732144057751e-06,2.9802322685718535e-08,1.1920929074287414e-07,3.9637089172005654e-06,0.9999398093081748,5.078315785646438e-05,0.0,0.9999882082802164,6.684660978406667e-05,1.788139361143112e-06
29768.825940243034,19879.328839337843,10.267431548726297,5.628361112530829,12.5797880947889,18.283728603699505,43.69571611458009,0.003478080034665167,0.0,0.0,0.0,0.0,0.0,0.0,1.00000001,0.0,0.0,0.0,0.0,5.400180870652198e-05,1.00000001
412532.8132813627,281292.7457348876,2.186449766897723,2.0679080799576663,12.683421140988456,17.69114399352897,93.21937740275857,14.869503976663903,0.0,0.0,0.9999998907907092,0.0,0.0,0.0,0.0,0.0,0.0,0.0,0.9999999503953546,3.3080578181147575e-06,0.0
1648561.1326879791,1117443.5693365303,15.494281058777647,5.831217057454107,12.655360585517025,18.919219975052883,110.7135358504445,1.9848488273571534,0.0,0.9973330597475003,0.0,2.9802322685718535e-08,0.004662960814375579,0.0,0.0,0.0,2.384185814857483e-07,0.0,0.9973126749587833,0.00014111399791687725,0.00149253012242347
222139.1686191443,208382.94844804262,14.044062046980946,1.5061748035032583,12.558128720541525,24.209007269186408,44.9765835720356,0.005157589913021326,5.960464537143707e-08,8.97049912840128e-06,1.1920929074287414e-07,8.94069680571556e-08,0.0,0.005910098611804843,0.9975828032116066,1.1622905847430228e-06,2.261996291846037e-05,0.0,0.0,0.001266568911820352,1.00000001
338990.776425746,329796.61731678306,16.38772836285146,4.503465538261482,13.579478866367847,23.320320135119633,64.28703606407089,0.0660987198430577,0.0,0.049867868922140596,0.003171533377891481,5.960464537143707e-08,7.450580671429634e-07,0.9834728935360533,1.1920929074287414e-07,0.0,1.281499875485897e-06,0.0,0.0,0.0043024719191691275,1.00000001
489257.4699850901,407552.66990166734,14.381652431578333,2.150156916830917,13.92971760697881,24.553140646369148,57.017611714628494,8.42457607487609,1.400709166228771e-06,0.9993439416683966,0.0,0.0,0.0,0.0,0.0,0.015467554485501349,0.0,0.000439941887486577,0.0,0.00020322203839391468,0.9995170335585551
91574.60268492949,70791.83183821331,23.07761803452989,5.49328625844077,13.14992631107907,19.82576084600268,62.78354928168138,0.006705373526408374,0.0,0.0,0.0,0.0,0.0,0.000398546461276114,0.9926399091802441,0.015919983546193242,2.9802322685718535e-08,0.0,0.0,0.002123355886712074,1.00000001
17597.420183140046,13566.610403109795,14.356053357205976,7.672883877750159,9.659277950356568,24.99657059340713,29.519554377603175,0.001547783613387048,0.0,0.0,0.0,0.0,0.0,1.00000001,0.0,0.0,0.0,0.0,0.0,7.706880646526813e-05,1.00000001
292834.7752393679,184587.0797417429,5.927117707347559,7.7986398436394975,9.929901217182367,20.963443761092094,79.59142744898048,5.033171922560598,5.960464537143707e-08,0.0,0.0,0.0,8.732080546915531e-06,0.0,4.881620455920696e-05,0.9999430279590249,1.788139361143112e-07,1.0430812940001488e-06,0.0,0.007936567147465646,0.9999988179070926
425706.26535087294,348487.7290543008,0.9228890183705638,6.916416713106718,9.97214413164073,24.699337011771277,36.48332536356362,40.95782995705856,0.8296502911563051,5.960464537143707e-08,0.6054561198698687,0.0,0.0,8.94069680571556e-08,0.6743050881105435,0.0,4.768371629714966e-07,0.007289141489441096,0.0,0.0002042055150425434,0.9719832040710282
85458.33711431276,77193.78456508052,0.09488303664551945,1.0001253783704642,5.780947568785242,22.856765752650553,61.74765199688209,76.32443726960709,1.00000001,0.0,2.2292137368917462e-05,5.960464537143707e-08,0.998010824170019,4.023313562572002e-06,2.682209041714668e-06,0.005466342027014494,0.0004605352924624085,1.00000001,0.0,2.9802322685718535e-07,0.0
162353.6976346972,141327.0247916683,9.159754422421294,3.0107603101845264,12.498456543675188,21.064544682754544,53.4502223156323,0.054547339684228,0.0,5.066394856572151e-07,9.238720032572745e-07,2.9802322685718535e-07,8.94069680571556e-08,0.3473023210923469,3.108382256120443e-05,0.9127232523637742,2.193450949668884e-05,0.0,5.960464537143707e-08,0.0025263130917456745,1.00000001
564935.9135592183,845728.1056689598,0.03900067807561487,1.0296896398491613,13.379279858284539,21.496454244046745,95.22940203984552,48.09817880957935,0.0018718838878899811,1.1235475652515888e-05,2.2053718787431714e-06,0.9998195867384606,1.2218952301144599e-05,3.069639236629009e-06,6.109476150572299e-06,1.9669532972574233e-06,0.00021004677028894423,0.7419976070217216,0.5591073688151031,0.0014517009403440355,0.00033223629330039024
174519.88537120368,182201.53813148467,22.161746509409685,6.8163176262022445,9.267641191127336,25.635013586770707,54.98160407177811,0.016351789237992465,0.0,1.8179416838288305e-06,0.0,0.0,0.07962927301881163,0.699044890241639,6.854534217715263e-07,0.14838180094327538,2.056360265314579e-06,0.0,0.0,0.004283756060522496,1.00000001
171504.42854005957,123891.2693880256,16.78712473482782,7.646266112285498,12.131481355245128,23.27196693991409,56.62094518781372,0.03979906440249413,0.0,1.1920929074287414e-07,0.0,0.0,0.0,0.009641379214379488,1.4901161342859267e-07,0.9988814692249596,5.960464537143707e-08,0.0,0.0,0.008415669286961257,1.00000001
499230.41185015877,537356.0981661823,0.04461643697338611,1.0014117062111996,10.229368602140186,20.978645329700356,86.59135148321968,68.64821077200753,0.9999734859328097,1.564621941000223e-05,3.600120580434799e-05,0.547824686283453,0.7709084826312649,5.245208792686462e-06,2.0563602653145787e-05,1.2904405722916125e-05,0.0016193092031285166,0.9999997715814185,4.172325176000595e-07,4.673004197120666e-05,5.960464537143707e-08
31998.225240099462,21242.148258632442,13.3049590155728,2.0335441842538966,17.46275908586458,20.435715680177665,115.03106177391801,0.5091068149211925,0.0,0.0,0.0,1.6957521608173846e-05,0.0,0.9999946455819165,0.0,0.0,0.0,0.0,0.9999996523721277,1.1920929074287414e-07,0.0
258686.93030857365,283328.6417005013,6.4317852995667,3.877644304571736,15.334804423005108,19.917725567711106,77.14796141134335,0.021456182005545495,0.0,0.0,0.0,0.9999997715814185,0.0,0.0,0.0,0.0,0.0,0.0,0.0,9.742379285961389e-05,1.00000001
76244.0581724001,74604.60127599012,10.232484344124646,6.276241846469525,11.196416979399315,23.07044602005131,81.58527881274163,0.020919144156056044,0.0,5.960464537143707e-08,9.238720032572745e-07,4.47034840285778e-07,2.9802322685718535e-08,0.9999954204423064,5.960464537143707e-08,5.960464537143707e-08,2.9802322685718535e-08,0.0,0.0,0.0011025965324035286,1.00000001
388902.6342943364,305887.209260137,12.146241645148077,4.387411062788225,10.16128314025283,20.637239461063395,80.12143195035043,0.015330910684481858,0.0,1.4901161342859267e-07,5.841255246400833e-06,0.0,3.576278722286224e-07,0.0,8.642673578858375e-07,0.9999886851173794,5.066394856572151e-07,0.0,0.0,0.003531932866129875,1.00000001
213427.3105175236,187136.6805050245,7.697270896651028,6.488435037824142,15.31409258379618,20.44453430658423,90.1726941805469,0.0761301815599361,0.0,0.0,0.0,0.0,0.0,0.0,0.0,1.00000001,0.0,0.0,0.0,0.005891054927608668,1.00000001
690942.5385023867,424375.5905855508,22.497005374879393,4.458395456247862,16.797804780852807,26.334009177199103,93.74148995113663,0.015802085401486754,0.0,0.967536220689156,0.0,0.21417564367846906,0.0,1.2099743010401725e-05,0.0,0.0,0.0,0.0,0.0,0.0015535354769611357,1.00000001
2129558.8303473736,919457.1570755056,17.654767423872165,7.7254539228196135,14.272548801542852,22.941045766714975,93.74004871082589,0.011153668166519104,0.0,1.00000001,0.0,0.0,0.0,0.0,0.0,0.0,0.0,0.0,0.0,0.002741724280118048,1.00000001
1936678.9852287993,1661662.5014288907,22.378100545813954,6.6782870969828405,14.173017568184756,20.12706947799381,87.42649794021938,0.2866895497182527,0.0,0.00036334991818428035,0.0,0.07101580571618527,0.944123754405837,0.0,0.0,0.0,3.2782554954290385e-07,0.0,0.012601822740688025,0.00014245510243773458,0.9902267555077362
138565.6735246267,114667.67283672589,14.297873883309368,7.343810925009548,10.875869756155549,23.102602010661947,94.69650924640122,0.034117102626999615,0.0,0.0,5.960464537143707e-08,0.0,0.00011503696556687354,0.017764210878630875,2.9802322685718535e-08,0.9982545475649428,1.1920929074287414e-07,0.0,0.0,0.004246830982714891,1.00000001
256080.52902061978,242412.2889364747,2.7937774190804405,5.413326984988225,13.08703226474251,18.867204670471196,72.6240475507903,2.124060690652874,8.046627125144004e-07,0.0,0.0,0.021618962504092454,0.0,0.0,0.9902534583888626,0.0,1.1920929074287414e-07,0.0,0.0,0.000828117140468061,1.00000001
51869.752176736656,69117.73404709766,3.5245203268514222,2.4254969974854905,15.331424839644734,16.222298625638317,108.41443211344915,17.681730540686846,0.016305625601746438,0.0,0.0,0.9999983410699296,0.0,0.0,0.0,8.94069680571556e-07,2.9802322685718535e-08,0.019962340792961417,0.0,2.0414591039717197e-05,0.9775327541829812
244172.26058788336,262868.2952238713,4.177906729202288,4.557957773523043,14.33700621810797,21.612691884463928,52.4275344631972,1.318339258587487,0.0,2.9802322685718535e-08,0.0,0.5496547277102923,0.0,0.8019834837049543,6.556510990858077e-07,0.0,1.788139361143112e-07,0.0,0.0022893846263942123,0.00036007166268885133,0.9991483788269329
1840681.9421676404,1198774.5489891998,18.127480942174564,7.086824068181852,12.644096559346652,24.65479660648392,63.086453827957754,0.008547008038572668,0.0,0.9672497607635009,0.0,0.16849297453572928,7.212162089943885e-06,2.9802322685718535e-08,1.549720779657364e-06,2.9802322685718535e-08,6.258487764000893e-07,0.0,0.0,0.002134084722878933,1.00000001
352169.2601579743,300844.95101631636,3.2736945640179655,6.091235525728699,11.809792583844079,20.308847432152177,89.52461839130048,0.4071152210714554,0.0,0.0,0.0,0.0,0.0,0.0,0.0,0.9999999503953546,0.0,0.0,0.0,0.0066418350407072895,1.00000001
344012.00310261064,252688.12096552533,4.338595415627424,7.839104304547066,7.151246580906653,19.896306042557928,76.30596325141475,4.421855658812988,0.0,0.0,6.970763276189566e-05,0.0,0.9999774794440496,0.0,0.0,0.0,0.0,8.046627125144004e-07,0.0,0.0002802312402138114,0.9999988179070926
259036.1649727825,113674.46393254954,4.231286431788376,7.893891523196042,12.971470540978375,19.490757946728067,75.56969285347546,0.29529482129710016,0.0,0.0,0.0,0.0,0.0,0.0,1.00000001,0.0,0.0,0.0,0.0,0.0006310641828700899,1.00000001
2271407.3658215287,1702754.0242303782,0.19137775904445203,3.4238472019489667,13.48805863307465,24.282627111738712,67.03264534765894,18.478456588773284,0.0,1.00000001,0.0,0.0,0.0,0.0,0.0,0.0,0.0,7.748603898286818e-06,0.00010412931546390056,0.03529921209348589,0.9999188284730041
391440.64224090043,633328.445786448,4.700774814286464,2.1314811722706986,10.100387429040284,19.01912498912219,98.49156812287185,0.3595671058124131,0.0,0.0,0.0,1.2874603400230407e-05,0.9999889235359608,0.0,0.0,0.0,9.536743259429931e-07,2.0861625880002974e-07,1.7762184320688246e-05,0.0007310509754806756,0.9999944667679804
182136.70457907228,176325.9635548469,5.274611689442181,6.207176513958141,15.28909493220728,15.59870910975741,108.03106219079154,0.07408589125551164,0.0,0.0,0.0,0.0,0.0,0.0,0.0,1.00000001,0.0,0.0,0.0,0.010162323814925848,1.00000001
294544.2360583584,287358.42059994926,5.998375036358754,5.523313648010033,13.28898490108059,18.512699131419986,102.92188272356672,0.4436515272185608,0.0,1.1920929074287414e-07,0.0,2.5331974282860754e-06,0.0,0.0,0.0,0.9999984602792202,2.9802322685718535e-08,0.0,0.0,0.0071618557692503925,1.00000001
520956.9451088532,478449.83463718975,16.287211042184566,4.533094888012366,15.183759577352127,21.966218953666203,81.02024287349604,0.003371685743728578,0.0,1.4901161342859267e-07,0.0,0.9999953608376609,1.1920929074287414e-07,0.0,0.0,0.0,0.0,0.0,0.0,0.00014817714839339256,1.00000001
289876.5302769069,249590.0938907085,1.1353845361730657,1.5114319331799577,12.587195640835823,24.907175070307908,55.56008771295539,49.669835275294645,0.5149830631255996,0.1309778107389468,8.94069680571556e-08,2.9802322685718535e-07,2.0861625880002974e-07,0.9814102747829747,2.9802322685718535e-07,3.695488013029098e-06,1.809000987023115e-05,0.7846111137649953,0.0,0.000989913950328827,0.13866144557377874
630275.0356792519,917229.077530636,7.200291230726904,1.5302192874376777,14.40392947882862,21.05365181470915,110.65737396994845,0.28226912024957773,0.0,1.1920929074287414e-07,2.9802322685718535e-07,0.9996906618905221,0.0001799166220536828,5.662441310286521e-07,2.9802322685718535e-08,0.0,9.328127000629901e-06,5.960464537143707e-08,1.788139361143112e-07,0.0005865097104549408,0.9999997715814185
149888.5918611624,134582.02350779137,0.7251342060631542,1.0141291618549013,12.955500132054295,18.70262623261459,135.88435620715063,47.6590541061204,0.0,2.771616009771824e-06,0.22979146471933184,0.29430997665983555,0.2921737759720459,0.0002017915269050002,6.526708668172359e-06,9.29236421340704e-05,0.049936652682899235,0.0,1.00000001,0.0,0.0
43797.47431394463,30019.052534028327,14.805296426052816,5.884278185192567,15.278591938141762,21.145877843180354,71.53103530722495,0.0395254790829429,0.0,0.0,0.0,0.0,0.0,0.5137492469664109,0.0,0.9038105101367377,0.0,0.0,2.384185814857483e-07,0.00046423078047543763,0.9999998907907092
1103318.047297154,588478.1455012474,9.535597422960256,6.431459434639111,14.252625531784677,23.87018395059908,63.82299736418174,0.0029587745669984815,0.0,1.00000001,0.0,0.0,0.0,0.0,0.0,0.0,0.0,0.0,0.0,0.0023296773666653036,1.00000001
924641.4678843858,1059434.162510732,11.699744705338116,2.112521709600944,10.360649769471454,18.269240383480135,120.6076505836942,0.07575020194944829,0.0,1.364946379005909e-05,6.556510990858077e-07,0.032509655085457265,0.988883743638227,1.9371509745717046e-06,9.834766486287117e-07,2.5182962669432163e-05,2.2888183822631835e-05,0.0,2.115964910686016e-06,0.0032801628440809246,0.9999993543489009
150692.35339090248,180476.920537692,8.77672014532961,5.638920432995742,13.294088071954755,23.610832220171353,67.4276265531426,0.06620764733139753,5.066394856572151e-07,1.7583370384573936e-06,0.02165949366294503,6.68764121067524e-05,8.94069680571556e-08,0.9899289110948151,2.0861625880002974e-07,5.662441310286521e-07,5.960464537143707e-07,0.0,0.0,0.0012466311579436063,1.00000001
417407.3763078899,363423.0146367842,2.956103373572536,1.543765158237974,11.913692241619842,18.370755199796037,54.24440965283314,16.428390594269406,0.0,2.9802322685718535e-08,5.960464537143707e-08,0.00016540289090573787,0.0,5.9485436080694196e-05,0.9995737175763034,0.0,3.120303185194731e-05,0.0,1.00000001,6.318092409372329e-06,0.0
58894.88512053736,44725.87055526442,17.63133755325878,2.5612963758361516,17.537959822423066,18.71029663514384,94.13654089405469,0.07022023201814889,0.0,0.0,0.0,0.0002952516108474135,0.0,0.9999252657747042,0.0,3.391504321634769e-05,2.9802322685718535e-08,0.0,0.06477850740361392,6.145238937795161e-05,0.8944900125307154
597626.0671648035,806068.8453145017,0.5346879960912824,1.0050487220359448,13.151477164332219,25.26154518760615,103.54937434676214,61.38749957806861,0.38428783801035876,0.7664549427384019,0.00030049681964009996,0.23129958145651994,5.6475401489436624e-05,0.08003991922309815,8.463859642744064e-06,2.6047230027318e-05,0.003320992026160359,0.9983844856918526,0.038871556909177596,0.001372784389872253,6.932020256698132e-05
1615127.9702210275,1429767.0587249848,13.078198270447668,2.3844089825857138,9.779482220299826,20.584363942248046,61.47752404476939,0.014226436616663932,5.960464537143707e-08,0.9774687387938523,9.834766486287117e-07,5.364418083429337e-07,2.6822090417146684e-07,8.94069680571556e-08,0.05957660138578981,5.301833205789327e-05,1.4334917211830615e-05,0.0,0.0,0.013242155445913374,1.00000001
158062.8074834647,227460.85785004296,1.485228848959103,3.218557957003902,10.968373959519148,18.338083271380064,69.97496649930481,1.5097248556005882,0.0,0.0,0.0,0.0,1.00000001,0.0,0.0,0.0,0.0,0.0,0.19669941264395027,7.480382994115352e-06,0.908390531087079
698114.7078122818,583877.1976986811,16.296064286969052,2.5619424603841177,13.924176341965339,21.23033905536495,130.8251610460254,4.035173207996165,0.0,0.39810911219070105,0.0007209479880902171,1.2218952301144599e-05,0.0046077371104389425,0.6205911698411655,4.47034840285778e-07,8.94069680571556e-08,0.00017935037792265413,5.960464537143707e-08,0.9995056490712892,0.00031137466742038724,0.0001525878921508789
475581.4107174094,521701.7300315055,5.209047748418139,4.955629175591847,11.365056937384436,19.904423718341715,93.5132044596584,1.6182368995662961,2.822279958337545e-05,4.532933280497789e-05,8.642673578858375e-07,0.000674784190250039,2.4735927829146382e-06,7.450580671429634e-07,1.2397766237258911e-05,0.9998095135533929,1.4334917211830615e-05,8.94069680571556e-08,0.0,0.008316397750095128,0.9999997715814185
249290.0206457833,299070.508050124,11.287947086333027,1.7918972980367993,14.86527515165573,17.639044765607416,85.41538074999363,0.2657729387595999,0.0,0.0,0.0,0.9992538790492402,0.0,4.1216612274348734e-05,0.0074602366239798065,0.0,1.4871359020173549e-05,0.0,0.022049278241351545,2.5540590541660785e-05,0.9862274030126035
2004551.642706314,1187021.6637602309,12.147846273711547,5.827503688079295,16.118029125259483,25.555091864333622,47.762239577322575,0.04994452000251889,0.0,0.5460119898084169,0.7495110109893727,0.0,0.0,0.0,0.0,0.0,0.0,0.0,0.0,0.002311199926600158,1.00000001
1020165.5346500472,625090.2457987044,18.495935064842378,1.9322415901627217,14.519245869874743,23.600255971999104,90.17539650612953,0.25693207982224997,0.0,0.9843002060138087,2.9802322685718535e-08,0.026447832848859428,0.0,8.94069680571556e-08,2.9802322685718535e-08,0.0,1.2308359269201755e-05,0.0,0.9414574001997912,8.434057320058346e-05,0.02258053444554716
271570.22316134255,199009.7021719745,23.3937307436821,5.5208144252510305,13.48210681126777,23.147830968805962,64.06800240555516,0.024126172068573235,0.0,0.0084218383677572,1.549720779657364e-06,1.7732381998002528e-05,1.2516975528001785e-06,0.9913679460480177,7.358193471103906e-05,0.04859796215017944,3.6060810449719427e-06,0.0,0.0,0.00813227900054276,1.00000001
125012.98317247766,69583.69676319788,15.76728845175318,6.995639571172011,15.045037693989103,17.887096409056515,78.36591989152551,0.01732453704084128,0.0,0.0,0.0,0.0,0.0,0.0,0.0,1.00000001,0.0,0.0,2.9802322685718535e-08,0.0004931986381259561,1.00000001
359492.1929915326,332387.0158588588,2.1950057275558263,1.0593264997852985,14.595411665237245,18.75462055636131,58.02141234524943,21.625475588004836,0.0,1.1920929074287414e-07,3.695488013029098e-06,0.661706335009092,1.400709166228771e-06,2.384185814857483e-07,0.6670985288572645,2.9802322685718535e-08,0.0009276568982383609,0.0,1.00000001,1.4901161342859267e-07,0.0
26243.307595790648,23201.30967859926,5.855828620981617,7.4836689326403745,12.594245201386054,26.438335425400652,47.84426823452473,0.022798776629269123,0.0,0.0,0.0,0.0,0.0,1.00000001,0.0,0.0,0.0,0.0,0.0,0.0007111430239266157,1.00000001
1861555.5154166848,1041853.2711791234,12.75885072185498,4.616677408616694,12.940005368195752,23.7057552396102,82.08448842537518,0.016911625864111185,0.0,1.00000001,0.0,0.0,0.0,0.0,0.0,0.0,0.0,0.0,0.0,0.0034944117418685555,1.00000001
35780.544741051235,31101.66933641318,4.298657895586771,4.335723881718445,9.98398894547007,24.131328588742214,63.22675973449914,3.0953569713896263,0.0,0.0,0.0,0.0,0.0,1.00000001,0.0,0.0,0.0,0.0,0.9998258452262246,4.47034840285778e-06,4.163384479194879e-05
142887.8717994382,96884.00786413209,13.56057661037809,6.069331235974964,19.71248138889587,26.258052832570876,105.61739147199788,0.21655797960921763,0.0,0.9999999503953546,0.0,0.0,0.0,6.556510990858077e-07,0.0,0.0,0.0,0.0,0.0,0.0007720887738189101,1.00000001
4000074.4141225833,2897040.249832233,12.871002702292953,7.29986465877245,14.79503489245175,26.203559882114394,17.045137137535896,0.7872822881671148,0.0,0.11341446751521765,0.9908112386602485,2.9802322685718535e-08,0.0,0.0,0.0,0.0,0.0,0.0,0.0,0.005260288767965435,1.00000001
1134793.1475352675,1081527.4617845446,2.930140853918074,7.524824747823681,10.354390655918287,19.36125755758848,50.899302514504704,1.0222008825551039,0.0,0.0,0.0,0.0,1.00000001,0.0,0.0,0.0,0.0,0.0,5.960464537143707e-08,0.0003858506718119979,1.00000001
982623.1809633485,931267.6800174944,13.42742948985734,3.40031779155311,10.916692619753784,24.94476509717512,88.3672094385281,0.05385324359573692,2.0861625880002974e-07,0.9382693861374545,9.089708419144153e-06,0.00024336576705157755,7.539987639486789e-06,3.069639236629009e-06,7.152557444572448e-06,0.44854861946427643,2.783536938846111e-05,0.0,0.0,0.007315963579858243,1.00000001
51393.98051306254,49102.864593386126,5.166312934713516,5.109547501712762,10.547371750132116,25.905572897768344,40.2187994138002,21.38687372459252,0.6164158644328963,3.66568569034338e-06,0.0,0.0,2.9802322685718535e-08,0.9999982218606388,5.960464537143707e-08,1.788139361143112e-07,1.788139361143112e-07,0.00105309487442255,0.0,0.00015893578688293695,0.9958909253527385
561469.284304355,544440.6758556822,1.8640393978694283,1.9825702621668402,10.690736179674262,21.13763428238676,70.87780475928649,11.430328787717881,0.0,3.3259392117261886e-05,0.00021636486269831657,4.172325176000595e-06,2.0861625880002976e-06,3.3676624634861942e-06,0.999512682419443,2.9206276232004164e-06,0.00011402368659555911,0.0,0.9999904732567405,6.22272497677803e-05,3.844499626457691e-06
131600.73417556426,94229.54812897102,3.191311575060385,5.038546627568821,13.569222456717883,17.986195568328206,34.27699566011948,1.312502771770394,0.0,0.0,0.0,0.0,5.364418083429337e-07,0.0,0.9999973873956036,0.0,0.0,0.0,7.426738813281059e-05,5.742907581537962e-05,0.9999895791870599
332042.60928574373,234886.92162842848,13.377396659602095,3.8419521491595714,9.923664634184936,17.444604877546166,98.93323854068015,1.7625911535906185,0.0,0.0,0.0,0.0,0.000483036046090126,0.0,0.0,0.9997940163455963,2.0861625880002974e-07,0.0,0.9999992947442555,5.036592533886432e-06,5.960464537143707e-08
17489.332613641032,14214.68745944441,13.426451186901382,5.539011604117664,18.018696793553477,25.28491974510857,38.2727763071254,0.003617405891844034,0.0,0.0,0.0,0.0,0.0,0.9999976854188305,0.0,5.075335553377867e-05,0.0,0.0,0.0,0.0004301369233229756,1.00000001
92234.86864826572,152574.36477872814,7.635880401329995,7.093622454765356,14.925723380997411,18.00771999765622,130.96539140367958,0.0425627827694422,0.0,0.0,0.0,4.2676926085948944e-05,0.9999678234914994,0.0,0.0,0.0,0.0,0.0,0.0,0.00016880035569190977,1.00000001
198626.20873766093,181276.55700205773,8.691045859411995,7.692824254060384,7.380816045937923,22.717088704877412,100.19142389760006,0.3271877766040444,0.0,0.0,0.0,0.0,0.9999606113294094,8.642673578858375e-07,0.0,6.0319901115894315e-05,8.94069680571556e-08,0.0,0.0,0.0020678639618712663,1.00000001
180843.93997628835,212196.06510095808,1.321366191356747,3.688038829828825,16.2187857705101,17.46900940331063,98.1214134440313,6.1117668457069,0.0,0.0,0.0,0.0,0.0,0.0,0.0,1.00000001,0.0,5.90085989177227e-06,5.960464537143707e-08,0.003082811863256097,0.9999957184655331
253431.6381363801,338691.74834689737,0.02755038739181489,1.0000317096710658,8.99246612619413,20.477519993850397,70.30182004284154,70.76289863226837,0.9867860177490245,0.0,0.9999992947442555,0.0,0.0,0.0,0.0,0.0,1.9371509745717046e-06,0.9999999503953546,0.00024941563855677843,1.0669231521487236e-05,0.0
1099028.2752931924,1023860.7563006174,4.566395331971779,6.462518222983041,9.732710664138562,22.749803548637633,76.91355645999732,0.9036447108855011,1.22189523011446e-06,1.5944242636859415e-05,0.999805698856089,2.0027160844802856e-05,0.00012969970832824707,1.8179416838288305e-06,9.655952550172804e-06,1.1920929074287414e-06,1.2665987141430377e-05,0.0,0.0,0.0042035580101752274,1.00000001
482414.5950464101,317817.5214249682,0.24107007988490942,5.4581761423856685,15.581719286709113,21.26319122822678,32.726604641649324,34.96214434915828,0.0055683255752450225,0.0,0.0,3.6686659226119515e-05,0.0,0.0,0.9999798636298644,0.0,0.0,0.011150270811957418,0.0,0.00010561943159818649,0.9876881340567213
732718.5704716349,743175.8575632566,6.153028943233206,1.5721997626849515,8.771872584228504,22.029296880321656,97.65836850258223,0.2702262997945171,0.0,0.0,8.94069680571556e-08,5.960464537143707e-08,0.9999972085816675,0.0,2.9802322685718535e-08,0.0,7.897615511715412e-06,1.5795231023430823e-06,1.1324882620573044e-05,0.0006330609384900332,0.9999809961181264
44409.84630252009,40167.630214754994,0.4699541570343787,1.0000010430812851,10.578864460260638,20.85088539618875,72.45090112410372,80.45482576839929,1.00000001,0.0,8.94069680571556e-08,0.008975327104676365,8.764863101869822e-05,2.384185814857483e-07,1.4901161342859267e-07,0.9922986129808473,7.674098091572522e-05,1.00000001,0.0,0.0,0.0
327646.9860068243,283091.14654564846,8.013072207296963,5.6424794263403655,15.530226953272422,21.091068272850723,88.39111775561842,0.25286629799003035,0.0,0.0,0.0,0.0,0.0,0.0,0.0,1.00000001,0.0,0.0,0.0,0.012556523210205733,1.00000001
54213.94792971618,47392.65642784841,10.14824002131939,3.4120649729854495,16.06975115110777,25.1529884401357,82.04250067841907,0.039611607794653475,0.0,5.960464537143707e-07,0.0,0.0,0.0,0.999998579488511,0.0,4.082918207943439e-06,0.0,0.0,0.0,0.0019240677549126743,1.00000001
419824.8107070989,433199.3689046677,8.349691346128337,3.5897728539747153,12.169311410023122,19.0832967802189,86.16353556904369,0.13474836947119026,0.0,0.0,1.00000001,0.0,0.0,0.0,0.0,0.0,0.0,0.0,0.0,5.6028366649150846e-05,1.00000001
800473.8224857283,532556.0224815867,5.722134568240222,4.440699999479342,13.622234350969201,21.42157555139639,99.71577972633771,0.6358021498474442,0.0,0.9999998907907092,0.0,0.0,0.0,0.0,0.0,0.0,0.0,0.0,0.0,0.004385054155331254,1.00000001
330875.8226087897,239598.97827537038,0.9234730008384124,1.0267779827500463,7.321340385585504,20.655053143625114,68.25432896912815,73.23689521220649,1.00000001,1.8119812192916868e-05,0.972384998985477,1.4871359020173549e-05,0.0035655796884420513,9.089708419144153e-06,0.007820665914540887,0.009802073338300884,0.0006263554158857464,0.9999997119767731,0.0,2.7328729902803898e-05,5.960464537143707e-08
17278.934568874844,14888.458436040886,1.1565058235260874,1.2739077214339298,12.539319461594731,27.075868613466092,24.010767788413432,3.207250833888676,2.9802322685718535e-08,0.0,0.0,0.0,0.0,1.00000001,0.0,0.0,0.0,8.046627125144004e-07,0.0,2.5689602155089375e-05,0.9999982218606388
1107158.6968140597,593290.8945384048,13.115138249059697,3.7824700216465423,12.53138745427818,19.761288647496205,85.24580255536671,0.2604962885686257,0.0,1.00000001,0.0,0.0,0.0,0.0,0.0,0.0,0.0,0.0,0.3180134924265033,0.00021317601417094467,0.6977388928569054
707956.2673730456,853623.0834921243,8.300351002636326,5.1825256407406615,13.094128138101755,19.20156670060498,106.03449687854203,0.4326245189222043,0.0,8.94069680571556e-08,0.0010388493641787767,0.9987622003295713,0.0004953444053593278,1.788139361143112e-07,1.788139361143112e-07,0.0,2.3543834921717644e-06,0.0,1.4901161342859267e-07,0.001342684043959677,1.00000001
510971.51726592856,518396.41551890044,5.170896579582008,3.3689394031034374,12.232512122257196,22.05129623945939,80.30785754683559,3.249722421551601,0.0,0.9973292450501966,0.0,0.0,0.0,8.94069680571556e-08,0.016980856826836765,0.0,2.9802322685718535e-08,0.0,0.22070014697476267,0.001833349484657347,0.9525573944933777
74373.95686218867,55829.98429762133,17.31683388341376,7.107676514767733,11.72692770324279,24.738288885562746,32.882427127342666,0.010740756989789008,0.0,0.0,0.0,0.0,0.0,0.9999986986978018,1.788139361143112e-06,0.0,0.0,0.0,0.0,0.0009622275925537943,1.00000001
156373.6596732249,172070.3212076917,23.201896913737528,7.225573906255432,9.028001819379691,23.584463125314482,81.94848880540742,0.015759021045631465,0.0,0.0,0.0,0.0,0.32096970402299047,0.01350125683934301,0.0,0.7562185005469566,1.788139361143112e-07,0.0,0.0,0.0037694573779350517,1.00000001
147632.1706689312,135449.54053176782,10.892024616106497,7.03505677846938,13.331974453122088,19.936132435697814,84.65689316774801,0.1485137641604623,5.960464537143707e-08,8.94069680571556e-08,8.94069680571556e-08,3.69846824529767e-05,1.4901161342859267e-07,0.002812474994173944,3.427267108857632e-05,0.9995434980211001,8.046627125144004e-07,0.0,0.0,0.004594683693102598,1.00000001
107555.16347748056,116068.33870613594,18.800779205951837,7.10352546848571,12.436864262781143,19.224374775563284,114.21082169351935,0.013562738897011876,0.0,0.0,0.0,3.644824064463377e-05,0.0,2.384185814857483e-07,0.9998290638770747,2.259016059577465e-05,8.94069680571556e-08,0.0,0.0,0.0012145340564110874,1.00000001
547809.0654563423,613171.0445183108,0.49759187715174796,3.17711425138592,9.311076347493387,18.091734890260604,92.44855791753152,18.35961923219192,0.0,0.0,0.0,1.1920929074287414e-07,0.9999996523721277,0.0,0.0,0.0,3.576278722286224e-07,0.0025264323010364175,0.001685529964136183,0.0049142539992615576,0.9961458544209921
55652.07167768843,32091.753304341473,7.910524180223745,2.106115521580623,11.58708680227822,14.987721446297433,55.23088634246083,0.799482166861177,0.0,0.0,0.0,0.0,0.9990739326248639,0.0,0.0010372698410764335,0.0,0.0,0.0,0.8938103407595449,2.562999750971794e-06,0.09735795952880114
116971.08164387243,107614.518117276,5.944894768815967,6.066000886048027,14.525757200482396,21.651777272659736,71.75496802050662,1.339709311881322,0.0,0.0,0.0,0.0,0.0,0.0005462765748292207,0.0,0.9998660783618504,0.0,0.0,0.0,0.002756893662365079,1.00000001
33978.65041435126,31385.86492741767,0.5091021539500702,1.0175842643035322,11.082686489137487,24.932081228762957,24.14508208705008,65.09996623566708,0.9332763049946892,0.0,0.0,0.0,0.0,1.00000001,0.0,0.0,0.0,0.9999194245194578,0.0,1.0132789713144301e-05,3.394484553903341e-05
110829.65775966541,72828.07501896571,8.150735047232997,3.322581115702769,14.334775693090123,15.818353656334837,53.23541939480296,1.0792104901152928,0.0,0.0,0.0,0.0,0.0,0.0,1.00000001,0.0,0.0,0.0,0.008139014325469731,3.567338025480508e-05,0.9974209765994232
327569.8338451474,282311.64855932584,13.996976475675975,4.21383482676908,11.608947699829676,20.55772591123386,63.991064581063526,0.3388607502382302,0.0,3.2782554954290385e-07,0.0,0.0,0.0,2.9802322685718535e-08,0.9999983410699296,0.0,1.1920929074287414e-07,0.0,0.000299751761572957,0.00035190582627296445,0.9998465876428139
147461.46685227414,108043.6760286768,5.143630244085431,3.9953501863354988,11.118784194518902,21.46965981044462,67.47882545289119,0.05697667599394678,0.0,0.0,0.0,0.0,0.0,0.0,1.00000001,0.0,0.0,0.0,0.0,0.0006133616031947732,1.00000001
377296.4519825619,280987.7172355627,2.297984243215616,1.1045774520937475,10.827445333391553,19.74927521212868,106.11124873654194,41.89383879796801,0.0,0.9962381820166725,5.513429696857929e-06,6.976723740726709e-05,6.973743508458137e-06,1.1026859393715857e-06,1.2248754623830317e-05,0.011354237908418476,0.0007953345855137706,0.0,1.00000001,0.0,0.0
1121886.5599476928,952257.7031881711,5.975097777477904,7.3337293357731905,9.698209498970536,19.4310760543144,117.23819345785765,0.9622122348486902,8.94069680571556e-08,2.9414892490804195e-05,2.0861625880002974e-07,2.9206276232004164e-06,3.9607286849319934e-05,0.0,1.4901161342859267e-07,0.9999455313541304,3.993511239886283e-06,0.0,0.0,0.015651881851312516,1.00000001
251388.22399921337,249053.47289388816,6.5023686669382625,7.454068789165472,6.893555227224448,20.739987378270797,100.16906723842494,0.3579306602899122,0.0,0.0,0.0,0.0,0.9999955992562425,1.788139361143112e-07,5.364418083429337e-07,5.960464537143707e-08,2.384185814857483e-07,0.0,0.0,0.0011224746816349029,1.00000001
436370.4085871,371967.2847692687,6.217270543291531,3.5257428920588265,12.246907895674848,18.7962856335838,43.28704893759723,1.2666290999949013,0.0,0.0,0.0,0.0,0.0,0.0,0.9999992947442555,0.0,5.960464537143707e-08,0.0,0.0010455250844603776,0.0002661645439061522,0.999584088784598
2246224.825707042,1812200.4025220189,17.9395515025664,6.322812087987318,12.05611789800633,18.8343029065449,74.60456163022423,1.4605022968579962,0.0,0.9743866421863406,0.0,9.834766486287117e-07,0.08789783804099618,0.0,0.0,0.0,2.6822090417146684e-07,0.0,0.46205649241925567,0.0008522868241661786,0.6207220616424012
13730.307847495082,10713.196393488646,2.63669760316281,3.851019446154336,15.10390127424403,24.55246544495292,19.58683416296531,0.21865800025651363,0.0,0.0,0.0,0.0,0.0,1.00000001,0.0,0.0,0.0,0.0,0.0,3.802776374697685e-05,1.00000001
184786.52725270417,138056.77900806925,10.220716479893376,7.302331337395359,13.130930549198686,20.57606888304135,82.25010902060043,0.07343992591768235,0.0,0.0,0.0,0.0,0.0,0.0,0.0,1.00000001,0.0,0.0,0.0,0.007510840967900156,1.00000001
907417.7136847177,488147.9006754872,10.287912396091919,4.1861247465827045,14.603967017929154,24.513914114374465,74.10255670876217,0.0010487437249463796,0.0,1.00000001,0.0,0.0,0.0,0.0,0.0,0.0,0.0,0.0,0.0,0.002772033242289424,1.00000001
360853.35093570646,300001.9126596164,1.1667308096058968,1.0511821211115542,12.038756853114334,22.847597127769756,62.99088448557805,71.31577909831776,0.9999984602792202,0.008110523304982185,1.0132789713144302e-06,0.01959151049178302,4.708766984343529e-06,0.011672169086829722,2.8610229778289793e-06,0.9131038876291161,0.0005227327399075031,0.9999270539140653,0.0,0.00011801719783544539,2.4259090666174888e-05
297597.3371809487,246346.58367278735,10.679843143256493,5.007426923277843,14.175950295523036,19.276644711187526,117.83602923707836,0.02216294408105284,0.0,0.0,0.0,0.0,0.0,0.0,0.0,1.00000001,0.0,0.0,0.0,0.0027863383571785686,1.00000001
29725.218196686532,28691.64905887845,10.146718314737761,5.551637477224538,9.277105902082694,24.58677292482204,49.39536243879167,0.3048120439411184,0.0,0.0,0.0,0.0,1.281499875485897e-06,0.9999992351396101,0.0,0.0,0.0,0.0,0.0002973377734354138,6.857514449983835e-05,0.9996545414754271
334491.53816641023,279843.12253092456,13.836091952229898,2.694492640531818,14.43005365820431,23.5190315304454,113.61624032790353,0.40124326949071704,0.0,0.9498174285502982,0.0,2.4825334797203538e-05,2.9802322685718535e-08,0.1968686004298371,0.0,0.0,5.364418083429337e-07,0.0,0.029001772693734763,0.0008430481041336059,0.9795376160346948
215906.42937449846,178538.0712033376,10.643269256372799,3.620740894246845,15.415696628281971,18.579101566743468,92.33858198349725,0.34313932065232305,0.0,0.0,0.0,0.0,0.0,2.384185814857483e-07,0.0,0.9999997715814185,2.9802322685718535e-08,0.0,0.21958500366450845,0.00013947487016916275,0.754767425455389
27980.535738669656,18894.10588335098,11.780519537137256,7.480589339454365,15.02308166742454,19.350296024992282,100.147570674274,0.00492453575192213,0.0,0.0,0.0,0.0,0.0,0.0,1.00000001,0.0,0.0,0.0,0.0,0.0001418292536613345,1.00000001
257474.67230927863,177276.11778182772,2.5105759152311022,4.795976405798189,8.188441965902966,17.63831997312672,64.02218491116042,24.538097831513465,0.0,0.0,0.0,0.0,1.00000001,0.0,0.0,0.0,0.0,0.10045889120425015,0.0,1.2040138365030288e-05,0.9501351213101279
109440.91884948149,82901.30701460017,7.580549385724449,4.322446917273437,12.6943321884523,20.36416531089261,92.8633038742121,0.07477745414659946,0.0,0.0,0.0,0.0,0.0,0.0,1.00000001,0.0,0.0,0.0,0.0,0.0008505880917730927,1.00000001
760473.7810980761,1009118.5223352365,11.602066139326112,5.807932562543981,14.979637749175703,19.3419218108173,78.21328789345554,0.6699724496199122,0.0,0.0,0.12570756799520433,0.05176585964470327,0.7406846954981249,0.0,0.0,0.0,5.960464537143707e-08,8.94069680571556e-08,2.384185814857483e-07,0.0004114210646763444,0.9999997715814185
163085.52502335692,347471.95116611064,0.509074807339038,1.8755146575560482,16.577606149461328,18.6847229046671,77.59971469987397,6.102396548512271,0.0,0.0,0.0,1.00000001,0.0,0.0,0.0,0.0,0.0,2.741813687086105e-06,3.069639236629009e-05,0.0005275607161825895,0.9999593000272112
666698.8693795144,606011.2947512881,3.2700839292129738,1.2123609188252538,12.500559395543865,24.129905706661688,77.965731624274,25.814279618916032,1.0728836166858674e-06,4.041194956183433e-05,0.9999830822807144,2.9802322685718535e-08,0.0,0.0,0.0,0.0,2.2649765241146085e-06,0.004160612863185108,0.14133703849985718,0.0015617609180223941,0.12149399640460669
544827.8984748324,466101.301837826,5.004657413266081,3.9618914765709037,10.148990844552625,21.977434163630644,51.85905233240213,0.11128842831967234,0.0,0.0,0.9999996523721277,0.0,0.0,0.0,0.0,0.0,0.0,0.0,0.0,0.0007936358531206846,1.00000001
218505.189989436,241274.29131947138,5.202389289706173,5.181953614963935,8.040177140488279,21.72678566501716,110.45916855850412,3.610421866603268,0.0,0.0,0.0,0.0,0.9999879102569895,4.622340248554945e-05,0.0,0.0,3.87430194914341e-07,0.0,0.593157237739281,0.00012651085980087517,0.44367337670541046
587049.6984893248,367205.74996506574,3.976096679123428,1.5533998914518108,15.394248790919004,22.49481201718588,85.14543295291978,16.24950379324395,0.0,0.9999992947442555,1.788139361143112e-07,0.0,0.0,0.0,0.0,0.0,2.413988137543201e-06,0.0,1.00000001,3.8146973037719724e-06,0.0
833961.2150953079,441446.5964860167,18.03277698172387,1.9581500603535422,16.194099791608878,23.382486349128317,88.76164436744239,0.004445761442707479,0.0,0.9999775986533402,0.0,0.0,0.0,3.397464786171913e-06,0.0,5.102157643795013e-05,5.960464537143707e-08,0.0,0.0,0.01778429764412105,1.00000001
76288.78406322727,80561.94501778555,6.694906451579725,4.643363600213656,11.130289798314665,24.63157272952354,80.9113362467891,0.08913055063342601,0.0,0.0,6.258487764000893e-07,0.0,0.0,0.9999989371163832,0.0,0.0,2.9802322685718535e-08,0.0,0.0,0.0017969012440127133,1.00000001
21985.03007328631,19374.825242844836,16.68166914549776,3.1992828579372885,18.281602093342215,28.181591041179793,49.18360471926405,0.07367298007878154,0.0,0.013432383671616316,0.0,0.0,0.0,0.9987121920321047,0.0,0.0,0.0,0.0,0.0,4.845857668697834e-05,1.00000001
765077.007053585,596708.3595408014,6.520434191045624,3.776499632987119,14.058820194740179,23.96664238568782,70.71879178596978,0.24571254852324634,0.0,0.0,1.00000001,0.0,0.0,0.0,0.0,0.0,0.0,0.0,0.0,0.0004572868392896652,1.00000001
590351.5873796412,705060.3157153422,0.3747561932876176,1.0059023797596374,15.610492058081304,23.637979513270658,147.28649646747812,46.20141178913068,1.1920929074287414e-07,0.999998102651348,1.9073486518859862e-06,1.4901161342859267e-07,0.0,0.0,0.0,0.0,1.0997057071030139e-05,0.09154087396609842,0.9995974402251613,0.0005089044621813297,6.556510990858077e-07
83818.9468576182,51315.14584944613,7.197303392934452,7.215753921805368,13.549102670445789,19.37341022940624,84.05786604068977,1.5912684800112742,0.0,0.0,0.0,0.0,0.0,0.0,1.1920929074287414e-07,1.00000001,0.0,2.0861625880002974e-07,0.0,0.0002978146105983853,0.9999999503953546
155334.9008587637,189146.53533523768,19.934042174398048,3.8888447027944473,18.263553866500274,24.95101357129817,165.81200183236933,0.1954691112271437,0.0,4.625320480823516e-05,0.9997484783965325,0.0,0.0,1.4901161342859267e-07,0.0,0.0,0.0,0.0,0.0,0.0005749762115755677,1.00000001
422131.1758107538,322843.98137997923,0.3220495701924187,2.6339522027469675,10.634726469812538,22.292572026888305,66.09459549476279,38.00999373644731,0.07839810926634191,0.0,9.238720032572745e-07,0.0,0.0,9.536743259429931e-07,0.9999897580009961,0.0,1.668930070400238e-06,0.05750608501719951,0.0,0.0009512901401281356,0.877360054683482
1901650.5993223449,1280605.3448339903,15.980413823758164,2.1834478991248742,10.712926273678969,17.750344280412705,75.9008584950387,3.2984155420369135,0.0,0.999959419236502,1.3709068435430525e-06,4.172325176000595e-07,2.384185814857483e-07,0.0,6.353855196595192e-05,3.933906594514847e-06,8.669495669275522e-05,0.0,0.9997503857451844,0.0004988610794362426,4.2974949312806125e-05
1227611.1115480063,1276622.787193402,7.794123771439608,4.109954152973751,8.478815142377528,20.8790454914124,123.00867558105166,2.4324648085118037,8.94069680571556e-08,0.033276677464419605,6.854534217715263e-06,1.2427568559944628e-05,0.9917055467594015,0.0008481443013128638,3.4272671088576313e-06,1.1622905847430228e-06,3.272295030891895e-05,2.9802322685718535e-07,0.00013825297493904828,0.005455255562975407,0.9999376635409414
1377169.8315271316,1002505.115588917,6.554374863931541,3.1479476124930876,11.950051551787302,21.66760445161976,33.968587667979115,0.6591278315365898,0.0,0.0,0.9999999503953546,0.0,0.0,0.0,5.960464537143707e-08,0.0,2.9802322685718535e-08,0.0,0.004401803060680627,0.00031593442279130216,0.9970027308028518
177043.7301190057,164591.13351308907,7.161414935624048,4.732754831878222,17.376836308170926,13.81920051850307,141.53452963311483,0.2675183117704406,0.0,0.0,0.0,4.6193600162863725e-06,0.0,0.0,0.0,0.9999992947442555,0.0,0.0,5.513429696857929e-06,0.002536237265200019,0.9999983410699296
130266.59812376517,113427.59396895248,0.0265835523695156,1.000001877546313,11.47892261098068,22.948078161126354,21.98866114081828,79.07630027270794,1.00000001,5.960464537143707e-08,0.9999911885124849,5.960464537143707e-08,2.6822090417146684e-07,2.801418332457542e-06,1.0728836166858674e-06,0.0,1.6927719285488127e-05,1.00000001,0.0,2.9802322685718535e-08,0.0
755123.0736921179,548105.8788595226,3.0950356255497096,2.6796120429191603,11.061161046526985,23.319561010363536,42.98230797221524,2.872605324129457,0.0,8.94069680571556e-08,0.9803603985594022,6.258487764000893e-07,1.1920929074287414e-07,1.4901161342859267e-07,0.0883061894664359,0.0,3.048777610749006e-05,0.0,0.04210284394405395,0.00025349855676472184,0.9773491122705918
442340.9422967715,408822.78287893604,15.206723504435503,4.400481497138791,13.821805006886988,18.36775589407,128.92232865704997,2.796796858639734,0.0,0.0,0.0023570358988907933,5.224347166806459e-05,0.9993837575715047,0.0,0.0,0.0,1.0728836166858674e-06,0.0,0.9998868207784396,5.781650601029395e-06,3.758072890669107e-05
117766.45706908242,141830.6603503146,6.394756223931632,5.165389484157191,10.903830175823709,20.215702061639675,138.75228495066014,0.3789359331576788,0.0,0.0,0.00025987625381946564,6.854534217715263e-07,1.1920929074287414e-07,0.999913046822403,0.0,3.2782554954290387e-06,1.788139361143112e-07,0.0,0.0,0.004073083441457152,1.00000001
1913595.5802571352,1312951.559937701,20.004589373671152,4.9735534843943086,11.495205944289978,22.921672826645445,42.85167813469557,0.0728547573175311,0.0,0.8724618045315027,0.024487555271883607,2.384185814857483e-07,8.94069680571556e-08,0.0,0.05036246826943278,0.0,3.2484531727433204e-06,0.0,5.960464537143707e-08,0.00426438455077678,1.00000001
877845.1410276653,875411.8750893202,13.54372404079232,2.236619802095808,13.304952806609588,19.294051174816012,137.4518096512351,0.11323392392536998,9.536743259429931e-07,8.821487514972686e-06,0.002816349296123087,0.9978876213680362,9.894371131658553e-06,2.950429945886135e-06,1.6093254250288008e-06,6.920099327623844e-05,2.768635777503252e-05,2.9802322685718535e-08,0.0,0.002294302009637356,0.9999999503953546
381887.0056023365,300274.1293283366,3.6859491360719137,1.1021330954103392,11.799036746875304,20.93557262918641,88.1246393959055,71.59519077189647,0.9999879102569895,0.5238722019130688,0.09393665288448065,1.9967556199431417e-06,1.561641708731651e-05,0.00111323596160233,9.536743259429931e-07,0.24894571553267,0.00014686584619522095,0.9996894697976147,0.0,0.00023779273270934818,9.369850252389908e-05
440671.92113740393,324477.62860743934,5.788236619997478,3.1565930874161743,10.954763000459627,19.585188870219493,88.08804467720894,0.08388936520609735,0.0,0.0,0.3441040252286836,0.0,0.0,0.0,0.0,0.8702000466582381,2.9802322685718535e-08,0.0,0.0,0.002957105666167736,1.00000001
491565.13959389407,325943.91813805874,2.2857479580018265,2.608183296832088,8.470453176955683,18.21536446030656,55.75037211414351,28.946851793356835,0.00029018521599084136,0.0,0.0,2.9802322685718535e-08,0.9993125300202857,0.0,0.004876792479645609,0.0,1.1324882620573043e-06,0.0462057595105195,0.0,0.0005173087171787023,0.9690942861191654
223682.77092631732,214343.4171260861,0.8004899981342054,4.798408454122434,7.59270090226288,23.768085485601354,52.69092694143832,24.96399164493523,1.177191746085882e-05,0.0,0.0,0.0,2.801418332457542e-06,0.9999498824932426,0.00021341443275243042,5.960464537143707e-08,1.0132789713144302e-06,0.0010721087562960386,0.00020247698032677174,0.013225942982372342,0.9975410799598466
493898.3402320452,419697.73462976824,1.9185385472103498,1.863213808577599,14.696028120363282,23.127126699390313,107.73221403861558,9.74263668174922,0.0,0.09188371988627493,7.450580671429634e-07,0.0021977424841356278,1.281499875485897e-06,0.9752432801496189,2.6822090417146684e-07,5.960464537143707e-08,0.0001064538966333866,8.94069680571556e-08,0.9994741182138878,0.0006543397968876362,0.0003090798885735869
108808.60656791225,87648.95321325614,4.714790393514832,6.4364366012989,12.066077655339106,24.511323934930296,56.73927217961628,3.0146062377661584,0.0006958246300661563,1.850724238783121e-05,2.9802322685718535e-08,0.0,2.384185814857483e-07,0.9999916653496479,5.960464537143707e-08,5.215406470000744e-06,3.2782554954290385e-07,7.74860389828682e-07,0.0,0.0011787414668655396,0.9999971489770221
250510.47839172996,337493.1616881955,5.060125161926787,5.7103702493247726,13.683573788959988,17.297132495908286,132.01659024387476,0.21780431273161768,0.0,2.9802322685718535e-08,0.0,0.9839195111438214,8.94069680571556e-08,0.0,0.0,0.04793158221492678,8.94069680571556e-08,0.0,0.0,0.002787262229181826,1.00000001
81214.40914844882,86206.27431206657,0.4490101815786946,1.8208440553947414,9.639923577130723,17.898263935305124,104.50818270929528,7.602024079263495,0.0,0.0,0.0,0.0,1.00000001,0.0,0.0,0.0,0.0,0.0,0.999853024944514,1.0132789713144302e-06,0.00015839934507459402
138267.12820335527,114999.61050929803,4.84268608256866,3.488410595634035,17.298197158467644,13.551664355089388,122.00600237228672,0.3169764578715351,0.0,0.0,0.0,0.0,0.0,0.0,0.0,1.00000001,0.0,0.0,0.010602504120993912,0.00013771653313070535,0.9936507443610983
40026.33628569965,38567.6628557462,0.24571282871918054,1.0078548193090118,14.137571997222137,23.803726202165226,30.45043870911568,67.13865817383036,0.9979869823118704,0.0,0.0,0.0,0.0,1.00000001,0.0,0.0,0.0,0.9999961953026961,0.0,2.175569556057453e-06,1.400709166228771e-06
3880144.174164044,3247240.9178759023,22.417417915288297,7.866108427319713,11.136229103146137,18.755581860072546,37.809992881055294,0.06894096732950657,0.0,0.7504500821771997,0.0,2.9802322685718535e-08,0.6496440237159836,0.0,3.1411648110747336e-05,0.0,4.172325176000595e-07,0.0,0.0,0.00683513290564686,1.00000001
2013175.912605065,1735424.8854887492,2.4325895556085033,5.72765953024089,10.272612248782483,21.442449574840413,56.43462419748014,29.12858844146095,0.0008364319884973764,0.0033978522163668275,0.0,0.003174871238032281,0.9959753851352298,5.960464537143707e-08,3.576278722286224e-07,0.0,1.713633554428816e-05,0.04692530678944349,0.0,0.0019100606632503866,0.9673198558264576
522297.6036863979,419227.7789395733,11.13068995851806,3.295683387221198,9.411434952926003,19.318416599933492,76.81591824039737,1.3471619786416895,0.0,9.089708419144153e-06,0.0,0.0,1.2516975528001785e-06,8.94069680571556e-08,0.9999458889820027,0.0,1.3589859144687652e-05,0.0,0.006390571658143997,0.0011565089341419935,0.9972264866415762
375341.37147977884,374315.6743596888,6.980034568283719,3.076897922145006,13.740156776295434,18.09887981824135,125.74879885313433,0.5497646332433891,0.0,2.9802322685718535e-08,3.397464786171913e-06,0.01691678183306247,0.0,0.0,1.788139361143112e-07,0.998271117656356,5.066394856572151e-06,0.0,0.0008316934191903471,0.000594854360806942,0.9994651179124366
123161.89036586779,146660.4229292669,0.9804024699662269,1.4089594191194603,11.069198196436972,23.591495519725857,85.99152237566595,67.96059966886877,0.9998188118780708,3.3676624634861942e-06,0.8980130047000395,3.576278722286224e-07,1.096725474834442e-05,0.35624865053705007,0.0,0.0,3.2782554954290387e-06,0.998945246195507,0.0,5.507469232320785e-05,0.0002551376845124364
37273.271347408336,62563.18026678333,0.03113543988326043,1.000156044960245,17.83898431912174,22.308107381507416,134.43291098517528,41.594931637173865,0.0,0.0,0.0,1.00000001,0.0,0.0,0.0,0.0,8.94069680571556e-08,0.0,1.00000001,0.0,0.0
899889.2281112327,780576.8306557805,3.8169358743211217,1.2857690159588548,11.483274763330318,20.04459381573659,118.60686034521116,27.085265818444526,0.0,0.835347303160907,0.10594734655469745,0.0014589727070793508,0.02318829321207702,1.3202428949773311e-05,0.0001476109042623639,0.0001294314874240756,0.02312308573004067,0.0,1.00000001,1.0073185067772864e-05,0.0
499602.56853341655,277346.8192914294,12.904724602290614,2.264081837552596,16.5374203999114,22.557012563469964,85.09265914944456,14.553383739514667,6.854534217715263e-06,0.9999979834420573,0.0,0.0,0.0,0.0,0.0,2.3335218662917613e-05,0.0,0.0010378062828847764,0.0,0.00032854080528736115,0.998686085197432
76442.90202870259,50515.682992649745,13.645853047212626,5.838200695273837,10.42171508570079,21.20813370257481,56.66982531786879,0.37274479870413063,0.0,0.0,0.0,0.0,0.0,0.9434390758444553,0.2345786416146615,6.169080795943737e-06,1.4901161342859267e-07,0.0,8.392334068298339e-05,0.0007963776668077707,0.9999687771658253
571350.3517353496,418687.6857913662,13.702151779989213,6.93526185406763,11.109766965434408,22.81707954963522,59.326844813969096,0.009950399399974346,0.0,0.0019319057657790184,0.0,0.0,0.0,0.0,0.998699555847286,0.0,0.0,0.0,0.0,0.0016357004806056617,1.00000001
915973.9629578354,664898.8086627923,9.078122142043984,1.3324552481155458,12.147319084229872,21.297550206509,120.17764956324062,5.269263387346292,0.0,0.06479761069245547,0.4062269668670639,0.3460990225115883,0.006725251741904616,0.0005008280327335,0.0010195374590784311,0.06977516482510149,0.12264078978155314,0.0,0.9999999503953546,1.2695789464116096e-05,0.0
183921.6403388336,134848.33751915416,17.851144319843048,5.398982531156087,10.430178438623445,21.265663152055676,82.09963888299659,0.011252462865245937,0.0,3.4868717542290685e-06,5.960464537143707e-08,0.0,0.0,6.523728435903788e-05,0.9824228384985446,0.03319531712348759,1.6987323930859565e-06,0.0,0.0,0.0031173825575715303,1.00000001
594419.9662240086,572975.510382171,3.605237818982268,6.938156613249927,8.57971072605518,20.4001722383941,105.44662774098632,24.021890464270957,0.844238170483092,0.0006598830289071798,0.004943907310333848,0.025747508068067727,0.15426445161588667,0.00043362379507720465,0.09546181655024498,0.7262923790128016,0.0037150681390336155,0.0006394386355447768,0.0,0.006906926700996756,0.9987800221185373
1868264.7717565186,1443892.8122116502,12.498002867152596,3.4624128376852132,11.360270445988114,19.248020176571647,153.74038220189036,3.6738683287651206,0.0,0.9605867958760094,1.2457370882630347e-05,0.02609720852246195,9.17911538720131e-06,5.960464537143707e-08,1.788139361143112e-07,0.034453094350115655,4.339218183040619e-05,1.4901161342859267e-07,0.4464304789840343,0.005734741745122075,0.5448732430585956
462599.90726269915,349338.4061440516,7.538271525068686,5.9801719855881945,9.215044860459589,19.694977764907122,84.6746355333476,1.0713677109548243,2.0861625880002974e-07,1.0132789713144302e-06,0.0004301071210002899,1.668930070400238e-06,0.0019142031861037014,3.2186508500576016e-06,0.9977080921761774,4.112720530629158e-06,2.2292137368917462e-05,0.0,9.536743259429931e-07,0.006530553167798817,0.9999994139535462
324501.45137652446,248463.72798085073,0.413840675493815,1.1735512020683039,10.702061539024138,18.205545429541772,101.96106940979485,58.92242998577955,0.0003107786209666729,0.0,0.0,0.0,0.0,0.0,0.0,1.00000001,0.0,0.9942701558357984,0.0,0.00010728836166858673,0.005808889923964142
319550.1089040773,421087.1160071714,6.745023968114296,5.938157505891028,13.35505200068328,19.094511036509026,104.42045882828454,0.06850525737614721,0.0,2.0861625880002974e-07,1.4901161342859267e-07,0.9985376696304571,0.0025573075073388215,5.960464537143707e-07,3.576278722286224e-07,2.6822090417146684e-07,2.9802322685718535e-07,0.0,0.0,0.0007746815758925676,1.00000001
1259338.9130692931,1619999.288901577,2.4062724121593657,5.934704072372453,14.289069957384916,20.648688321235433,75.5227886173948,6.87134608707205,2.0861625880002974e-07,1.788139361143112e-07,2.2083521110117434e-05,0.9988464216934811,0.002501875187143385,0.0,0.0,0.0,5.871057569086552e-06,7.450580671429634e-06,3.099441559314728e-06,0.0040650964189773795,0.9999801020484459
1002635.035382456,927842.7498896162,9.349093535720733,2.460018398463304,10.640377884209608,21.152805333416893,76.75880909308418,8.96231562004624,0.0,0.0574263936063379,5.394220406115055e-06,0.0001114308845219016,0.9718577362925213,0.00043338537649571893,5.0872564824521535e-05,2.5331974282860754e-06,0.0027548969067451357,0.0,0.9999923806053924,9.506940936744212e-05,2.115964910686016e-06
56107.530332611874,85943.43245209052,0.5318651201137662,1.8233981442293379,18.789573499567076,16.387527469378917,60.20482749004333,2.6040585342132965,0.0,0.0,0.0,1.00000001,0.0,5.960464537143707e-08,0.0,0.0,0.0,0.0,0.9999750952582347,2.9802322685718535e-07,1.1324882620573044e-05
475393.7483338137,420766.6364341755,1.6940096384049423,7.101912864819008,16.049499936593882,18.90950680213725,50.07892295923726,3.885301650027559,0.0,0.0,0.9998899798246442,0.0019797384936895966,0.0,1.4901161342859267e-07,0.0,0.0,0.0,0.0,0.06714230842975437,0.00012338161591887473,0.9235283228720629
68432.30862367639,59467.93091307589,10.790148786375424,5.643700665908913,14.879973835878275,25.03779411942099,68.34533632100812,0.1810121536467838,0.0,0.0,0.0,0.0,0.0,1.00000001,0.0,0.0,0.0,0.0,0.0,0.0026251375937715172,1.00000001
970166.0885785869,559143.1536876848,12.583013777215497,3.038210454514665,12.238569086657511,16.2739028965895,157.60494024318427,0.17367601396696566,0.0,0.0,0.02916997700297296,0.0,0.0,0.0,0.0,0.9970674018430798,0.0,0.0,2.9653311072289942e-05,0.0018782019802993535,0.9999870757919543
644574.4620503364,588882.998352941,11.006935957812493,6.810289868072142,7.725263182027239,23.43588829616649,66.80804431729769,0.2990718186253491,1.0520219908058642e-05,0.004523664758142531,6.839633056372403e-05,7.978081782966851e-05,0.12857839593719692,0.9117384048083018,0.0031181872202840446,1.0430812940001487e-05,7.221102786749601e-05,0.0,0.0,0.004518568560963273,1.00000001
652609.841053196,586358.5706872133,9.39901697953185,3.6803075113439645,9.354129736109469,20.215982441888784,73.32643717852142,0.05080834031702786,0.0,0.0,0.9999971489770221,2.384185814857483e-07,1.788139361143112e-07,0.0,2.384185814857483e-07,0.0,1.4901161342859267e-07,0.0,0.0,0.0010972023119974136,1.00000001
127723.3721566047,76898.1308744998,12.794425134212883,1.781238884849805,14.30262834514772,21.524505620398283,96.06006205523273,0.8718404174876707,0.0,0.10642248498527586,0.0,0.0,0.0,0.9181486459994185,0.0,0.0,2.384185814857483e-07,0.0,0.9999799828391551,1.5228986892402171e-05,2.056360265314579e-06
515844.9621451851,735500.6669228727,1.7296343332411963,1.6075562545395836,12.88939422982784,20.629317288514535,125.57022452947099,9.993435890658196,0.0,2.07424165892601e-05,3.37660316029191e-05,0.9995586972056698,2.1994114142060278e-05,1.1116266361773014e-05,1.3560056822001933e-05,3.898143807291984e-05,0.00019943714341282844,5.960464537143707e-08,0.9987214903567826,0.00015237927589207886,0.0006608963078784942
1495269.2916878117,1292890.1636554073,6.665186860428938,6.783124693549082,11.709013408037727,21.68270683809909,92.49961153095843,1.1883912981954594,0.0,0.9999914269310665,0.0,2.9802322685718535e-08,3.904104271829128e-06,2.9802322685718535e-08,0.0,3.7550926584005353e-06,5.662441310286521e-07,0.0,0.0,0.017933219850581585,1.00000001
220675.51384182487,168177.69228801993,8.32710304541575,6.394798048096869,13.564597434304334,19.77310944065175,94.75886613565231,0.04813328385919362,0.0,0.0,0.0,0.0,0.0,8.94069680571556e-08,0.0,0.9999997715814185,0.0,0.0,0.0,0.007166564536234736,1.00000001
318439.97502217104,242292.32610606292,4.933564163921078,1.6953167329230887,7.884439054905771,17.609137539035572,140.79444111064265,60.47963202711189,0.19788828690052895,0.0,0.005730837640850245,0.0,1.6093254250288008e-06,0.0,0.0,0.999699125750165,2.9802322685718535e-07,0.9937196473311477,0.0,0.00022068619948774576,0.0043735802610972525
3712168.2641316783,2952308.7403533403,12.248783497180096,5.668503052705057,12.452610617845403,23.577468877875774,65.9002314536628,0.5908530951241385,6.854534217715263e-07,0.97510946772076,0.0986123988952884,0.0002641677882862091,8.594989862561225e-05,0.0,8.94069680571556e-08,5.960464537143707e-08,5.769729671955108e-05,0.0,2.9802322685718535e-08,0.01386183514151752,1.00000001
410560.774211641,329840.887246964,1.894321799918233,1.1674347820289723,14.64794916612057,21.41810608423222,58.46642434845561,24.88267094189603,0.0,0.6403510038514775,0.6733475990872967,0.0,0.0,0.0,2.9802322685718535e-08,0.0,3.397464786171913e-06,0.0,1.00000001,8.94069680571556e-08,0.0
164964.3851538553,90207.23435500458,6.616534592956446,1.2714685801569467,11.765790408492009,20.645561223150956,86.16608679685181,4.8241122072650064,0.0,4.47034840285778e-07,3.0398369139432907e-06,2.1845102528631684e-05,3.2782554954290385e-07,0.9998955826613092,1.1920929074287414e-06,6.258487764000893e-07,4.878640223652124e-05,0.0,1.00000001,7.450580671429634e-07,0.0
52229.05016638166,49186.369834237164,1.92267670696364,1.4528464383395656,14.104754991095366,24.049030309907902,63.731112482919016,4.3347769980761965,0.0,1.668930070400238e-06,0.0,0.0,0.0,0.999999533162837,0.0,0.0,0.0,0.0,0.9999719958166754,9.864568808972834e-06,1.630187050908804e-05
303657.50903015304,247384.9305449913,9.390499833418438,3.9763684017262437,10.935381715736652,19.227976803457473,112.16714293288598,1.8523068728241958,0.0,0.0,0.0,0.0,3.2782554954290387e-06,2.950429945886135e-06,0.0,0.9999908904892582,4.768371629714966e-07,0.0,0.9107929559234201,0.00020277500355362892,0.03785145320596814
621180.0257795451,508928.9003326824,8.567259219202938,3.116186621828055,11.21749306259264,19.41067791435441,79.68782782912,0.061614960439301425,0.0,0.0,0.9999999503953546,0.0,0.0,0.0,0.0,0.0,0.0,0.0,0.0,0.0004798173952400684,1.00000001
335961.15639584,342821.5252062833,10.802026919199566,6.564720996223222,13.326768643049572,22.518514638653247,62.22755015164227,0.1205447316311556,5.960464537143707e-08,3.1888485273718833e-06,9.536743259429931e-07,0.28377396152075346,1.1920929074287414e-07,0.9409463499703764,0.0002651214626121521,8.94069680571556e-08,4.857778597772121e-06,0.0,0.0,0.0027374327456513047,1.00000001
336586.38707802823,222232.14507675444,9.935398701209643,7.5786527489229165,17.794691749940185,17.16548061751021,24.457273335006157,0.07263943553825468,0.0,0.0,0.0,0.0,0.0,0.0,1.00000001,0.0,0.0,0.0,0.0,0.00035396218653827906,1.00000001
735367.0886401176,759447.9214296342,4.025148559976486,1.3971200293015213,9.77473327982973,20.612993245235508,86.93718523181644,10.208848865041144,1.4603138116002082e-06,0.0038067102812921996,0.004886865664713382,0.026787936955348847,0.0025889575740310547,0.006452441280039549,0.9446472024014889,0.011226236932483315,0.13854995508461146,1.4901161342859267e-07,0.9999841551643311,0.00023543834921717642,3.397464786171913e-06
1545106.7927629019,1285476.9468371528,2.9547572145907584,6.564621694884885,12.78629816187332,23.553113943175777,90.51842332299206,4.288703203705847,1.400709166228771e-06,0.00011885166287064552,0.9943224291097891,0.03229710492006272,8.94069680571556e-08,0.0,5.960464537143707e-08,2.0861625880002974e-07,5.990266859829425e-06,7.152557444572448e-07,8.046627125144004e-07,0.003994673530471026,0.9999962549073416
1048295.8836858015,1038267.5804420393,15.654599242730734,7.150925168241382,11.694504981841396,20.673621182571345,109.02999282391086,1.6970978679269382,1.2516975528001785e-06,0.00022539496647208928,0.0,0.337390157974045,0.8378510558943796,2.384185814857483e-07,0.0,0.0,9.834766486287117e-07,2.6822090417146684e-07,0.0,0.0005973577559125423,0.999999533162837
121238.86341817754,193070.4136173901,0.12595496181928575,1.0025411546266618,11.602159744065489,19.87853241431751,99.53468323213059,61.0843265128474,0.002858638792014122,0.0,1.00000001,0.0,0.0,5.960464537143707e-08,0.0,0.0,0.0,0.9999542336323547,0.000675529248317182,5.811452923715114e-05,6.258487764000893e-07
2141108.732579857,1932513.9202238712,5.042194606577102,6.9790537442745375,11.259369855520296,20.298984532368824,109.19059813531284,12.810442598181075,3.576278722286224e-07,0.787991531622591,5.960464537143707e-08,1.1920929074287414e-07,0.5105987242260128,0.0,0.0,0.0,1.2516975528001785e-06,3.0785799334347245e-05,0.0,0.002816975144899487,0.9999564986088788
425766.4589456112,425152.4844583334,9.914655855667357,4.274279718308218,9.018716101172679,22.556285863640635,127.90812552579908,0.11930853129836856,1.281499875485897e-06,3.096461327046156e-05,0.9912762741034364,1.281499875485897e-05,0.0014059841773441434,0.01396039142263919,3.0398369139432907e-06,4.878640223652124e-05,2.7775764743089673e-05,0.0,0.0,0.003293156656771898,1.00000001
403339.2200639576,250452.92351031283,13.370749668823787,1.8946633351709128,13.435036725243004,19.51352596736507,60.75957715771628,0.2760197222557548,0.0,0.0,0.0,0.0,0.0,0.0,1.00000001,0.0,0.0,0.0,0.03623226321213036,1.5199184569716452e-05,0.9736372329800855
656153.8088276146,590190.4369576172,4.671344567923372,5.492636627416434,11.454665964335982,19.485795979258256,124.68493104569147,1.322519034302853,1.4901161342859267e-07,3.2782554954290385e-07,0.9162964912491464,2.0861625880002974e-07,1.788139361143112e-07,3.3080578181147575e-06,2.384185814857483e-07,0.39732504288316245,2.2649765241146085e-06,0.0,3.576278722286224e-07,0.012329161290436387,0.9999997715814185
2283088.8367161956,1435509.6499035105,8.547687867191321,7.618278155244783,13.484078234894653,18.309623722420977,91.52296781957983,9.894357473822199,0.0,0.8428609455471396,0.0,0.0,0.3907620945906043,0.0,0.0,0.0,0.0,6.949901650309562e-05,0.0,0.0009748339750498533,0.9999616246083808
398088.7731966037,337123.3775655079,10.580845764873745,6.872338601395189,8.359039578842022,20.105742459249356,93.21238041350803,0.2986006439083442,0.0,0.0,0.0,0.0,0.05552557166312009,0.0,0.0,0.983154485520479,1.788139361143112e-07,0.0,8.94069680571556e-08,0.005366474443694651,1.00000001
470536.516589982,386314.38790683873,12.704064874172591,4.28531051151398,9.508738164661333,17.128202442144556,94.49638024405826,1.3752247394749166,0.0,0.0,0.0,0.0,0.13730445641492992,0.0,0.0,0.9629553652737796,4.47034840285778e-07,0.0,0.9832890132050823,0.00016966462304979563,0.007614493446201086
80304.05091223728,89611.23956947103,1.8829782492323328,1.1406288447004864,7.219266954521883,19.67798424225777,92.07099944773981,68.60264361711783,0.9984608392425733,0.0,0.9999898176056414,0.0,4.9114227786064145e-05,2.9802322685718535e-08,0.0,0.0,8.94069680571556e-08,0.9999696116308605,0.0,7.0333481538295745e-06,7.778406220972537e-06
660347.2338084196,495435.5992211112,18.557484346937148,4.942389553456845,13.191743022524763,19.990492825424276,93.64630997609895,0.03331154585276544,0.0,9.962916473835706e-05,0.0,0.0,0.0,0.0,0.0003239512475937605,0.9998992781493222,0.0,0.0,0.0,0.02889096765798926,1.00000001
1667515.4061469021,1599554.046283479,9.429586079922123,1.7781805705220106,10.14553928858365,22.71297455387515,59.1951805378393,0.20480141046072453,9.000301451086998e-06,1.5556812441945074e-05,0.4531952188034975,0.00024494529015392063,0.3765523769363764,2.5928020736575125e-06,0.09283545706124335,2.2649765241146085e-06,0.005309939437559843,5.960464537143707e-08,8.34465035200119e-07,0.002556949879466593,0.9999996523721277
462511.57362831547,361509.6856151224,0.972958016724271,3.1438216001619064,12.50623334049667,18.968284611298685,99.04285997608959,25.868768695059984,0.0,0.0,0.0,0.0,0.0,0.0,0.0,1.00000001,0.0,0.002770334509896338,0.0,0.001438200488167405,0.9976679782498424
213065.2171597019,315248.4766139209,6.72820844877573,3.202745679187429,13.750593430391286,18.819868092087262,70.42557493162086,1.6759330036227666,0.0003316998514920473,0.0,0.0,0.999893794521948,2.0861625880002974e-07,1.1920929074287414e-07,0.0006631910867252945,1.0132789713144302e-06,1.5199184569716453e-06,1.1920929074287414e-06,0.0,0.00033873319964587684,0.999999533162837
175914.96044925478,217046.83419580018,1.6847091442077695,5.63859666056486,11.093598788298872,20.559881215189613,77.96098947873543,17.902830543240096,0.00031042099309444424,2.9802322685718535e-08,0.4214034122645712,2.9802322685718535e-08,0.0,0.9444369172126186,2.0861625880002974e-07,2.9802322685718535e-07,4.47034840285778e-07,9.733438589155673e-05,2.9802322685718535e-08,0.004021376411597431,0.9995055298619985
64382.006493518435,46166.292558052606,12.914123014998257,4.533277218620995,13.876475400379972,19.021518711657116,43.78762424165427,0.012987703086473642,0.0,0.0,0.0,0.0,0.0,0.0,1.00000001,0.0,0.0,0.0,0.0,3.230571779131889e-05,1.00000001
306562.0829236214,335261.43638436974,0.5034996272834436,1.387621939736027,8.961359564756968,17.92256927894065,114.32771325646404,41.290256385892526,0.0,0.0,0.0,0.0,0.0022662282216674087,0.0,0.0,0.9993621210852348,6.258487764000893e-07,1.4901161342859267e-07,1.00000001,8.612871256172656e-06,0.0
120168.61012225883,149617.82787292087,1.0006848338646805,1.0024673044716796,10.338437770759782,19.26866245715671,91.77662030281772,71.14722014310536,0.9999989371163832,0.0,3.2484531727433204e-06,0.00046047568781703706,2.723932293474674e-05,0.0,1.4901161342859267e-07,0.9997321467237007,2.0474195685088634e-05,1.00000001,0.0,5.751848278343677e-06,0.0
80820.07587765585,57993.82904183635,4.666760040906137,6.9964990701509,15.781577833061302,18.65954781005474,81.01088062292908,0.018819123508760034,0.0,0.0,0.0,0.0,0.0,0.0,0.0,1.00000001,0.0,0.0,0.0,0.001691371219382584,1.00000001
179832.0166963234,130791.47583888969,17.959366327631077,4.373415206721554,17.337103673130795,26.542789465960638,68.34689379037619,0.0007092952729105949,0.0,1.00000001,0.0,0.0,0.0,8.94069680571556e-08,0.0,0.0,0.0,0.0,0.0,0.0020775497167441247,1.00000001
83790.62046009432,99575.79322670058,0.22994000919480892,1.001086473466518,12.663547939131915,20.615533833615206,53.76790538654665,42.63548553491553,0.0,0.0,0.0,9.536743259429931e-06,0.9999001126143574,0.0,8.76188286960125e-06,0.0,0.0013369321956813334,0.0,1.00000001,0.0,0.0
752091.2173676705,530795.1209058026,6.811477997219999,1.622846365864756,12.24386501895297,18.83849525884113,128.49581450831596,17.289548518307562,0.0,0.9995813469709109,8.732080546915531e-06,0.0004852414179688692,2.7120113644003866e-05,7.3611737033724784e-06,4.4405460801720616e-06,2.1010637493431565e-05,0.0003680586851686239,0.0,1.00000001,4.67896466165781e-06,0.0
58298.9126252652,66093.83740438768,5.928584720707124,7.10860110201881,15.94584310814105,15.43816566793478,116.3731819445801,0.030803680423545834,0.0,0.0,0.0,0.0,0.0,0.0,0.0,1.00000001,0.0,0.0,0.0,0.002252429746263921,1.00000001
118200.4845679845,79973.76257287216,16.357871156496767,6.786004432360874,14.350254184880635,21.03394318128014,94.8278538926234,0.004445761442707479,0.0,0.0,0.0,0.0,0.0,0.0,0.01035213480811119,0.9983621935544836,0.0,0.0,0.0,0.002290785335560441,1.00000001
513448.58618624054,270043.14884942636,2.889598179839741,1.8592142176981672,15.512057311769018,23.18318939777209,77.69621968616508,45.74385554136567,0.0003241896661752462,1.00000001,0.0,0.0,0.0,0.0,0.0,0.0,0.0,0.43311441377786036,0.0,2.703070667594671e-05,0.36372495061295745
836506.4909991313,491500.78366209054,22.759261138975564,5.48146647855099,16.787180372125825,22.326635366132347,164.8535654028196,0.1708337664805168,0.0,0.9998467068521046,0.0,0.00041684508740514513,0.0,3.7163496389091015e-05,0.0,0.0,0.0,0.0,2.0384788717031478e-05,0.005134284547650218,0.9999935726982998
997678.8476051692,832296.4352445032,14.103582386966874,5.593039042358604,10.80131739892324,19.07290363751546,52.671319099468775,0.11606097222739933,0.0,1.2516975528001785e-06,0.0,0.0,0.0,0.0,0.999993930326172,0.0,1.788139361143112e-07,0.0,0.0,0.004474222704806924,1.00000001
26059.93144339921,33762.20533650104,1.220204902107483,1.1445078553833654,19.125042209195666,13.895270350374988,110.12774140156192,7.684958429048567,0.0,0.0,0.0,1.00000001,0.0,0.0,0.0,0.0,0.0,0.0,1.00000001,0.0,0.0
1087562.2341060096,983689.8744393234,23.766876133365045,5.321987277483166,8.40685567660115,21.930315022990918,80.00979394079651,0.027915835383838412,1.4901161342859267e-07,0.3649411834017616,8.13603409320116e-06,2.723932293474674e-05,0.7855207998626541,0.07585275249040008,0.0005415082031995057,0.0005329847389113903,5.69224363297224e-05,0.0,0.0,0.009819209673845171,1.00000001
200371.82298507006,115045.79012274164,10.482911375726278,6.167011625995642,9.39337984174759,16.990602497033194,73.75948921172957,0.1495675742802152,0.0,0.0,0.0,0.0,0.004215717357831001,0.0,0.9937157134245532,0.0,0.0,0.0,0.0,0.0008879005997756123,1.00000001
284399.47222936194,232301.90492100216,8.851311114440504,6.6659023842690726,9.061339531683469,16.933479312811244,114.21415746746437,0.2027925849199456,0.0,0.0,0.8631654468068557,0.0,0.0,0.0,0.0,0.5298416667516637,0.0,0.0,0.0,0.002029269953993261,1.00000001
434017.4540138335,308261.813593527,4.456141735628684,4.437909339809294,12.347966200032817,16.699777606805597,115.91648310966059,0.05084633827807664,0.0,0.0,0.0,0.0,0.0,0.0,0.0,1.00000001,0.0,0.0,0.0,0.004649967001684606,1.00000001
1606464.5651678029,958301.5034994964,13.240180186930004,7.936237702741858,10.42691150804175,17.77334785860593,39.57047954353342,5.98293855856711,0.00010961294283807277,0.9631490803712367,0.0,0.0,0.12636447079184293,0.0,4.67896466165781e-06,0.0,8.94069680571556e-08,5.006790211200714e-06,0.0,0.0006186962189555168,0.9999947051865619
240118.97673167026,320075.1142566251,10.570887187714312,7.072119125457598,8.646641496961077,24.166868215828515,94.53906536535828,0.13233676554329424,0.0,1.2516975528001785e-06,0.8962048381780516,2.9802322685718535e-08,0.003917932549555301,0.10794693339529574,1.4901161342859267e-07,1.788139361143112e-07,1.728534715771675e-06,0.0,0.0,0.0022898614635571838,1.00000001
73811.71514291535,45761.0924912203,8.997857192218284,7.557758579085633,14.5881443093149,20.578781132798056,84.38365027689919,0.03310889006050527,0.0,0.0,0.0,0.0,0.0,0.0,0.00015056133420825003,0.999982843862133,0.0,0.0,0.0,0.0012700855858972667,1.00000001
106012.30660182133,81712.44237978113,19.749868924137463,4.169622157571778,10.675578122454214,19.19252777543126,56.26279115914125,0.010375976563720702,0.0,1.4901161342859267e-07,0.0,0.0,0.0,4.38988213160634e-05,0.9999675850729178,0.0,0.0,0.0,0.0,0.0021081865044650433,1.00000001
848818.410596583,727025.4926029843,4.411672617495374,3.425743523725205,12.29779065240913,22.190845494874093,45.33207014384262,1.9424709679981487,0.0,0.0,0.999999533162837,0.0,0.0,0.0,3.4272671088576313e-06,0.0,4.172325176000595e-07,0.0,0.12373036269894301,0.00011059641948670149,0.8888663738445657
945251.9038090637,934669.5203386507,8.32358503622877,1.7018478820813598,11.107969527765706,20.866724972914895,77.42843956101021,15.42496830406461,0.0,0.9588964081332755,2.562999750971794e-06,0.006976544926790594,3.299117121309042e-05,0.0,0.01379764093845248,1.364946379005909e-05,0.00011372566336870193,0.0,1.00000001,2.6404857899546623e-05,0.0
56601.005994738414,38433.290597079445,9.383484986614311,7.115364441071135,8.56743595412055,21.64221573396046,63.50645333802911,0.08251637221353471,0.0,0.0,0.0,0.0,0.0,0.19566738801166653,0.9162244292328924,0.0,0.0,0.0,0.0,0.0009874105552232265,1.00000001
225850.48576840793,109960.65080929476,12.18595333511053,7.690258274099138,11.154140894956118,18.744281773093917,37.83504605436018,0.06041675806756317,0.0,0.0,0.0,0.0,0.0,0.0,0.9999998907907092,0.0,0.0,0.0,0.0,0.0003727376498302817,1.00000001
437828.2862701876,362091.27097240096,3.538434458974348,1.5689501472494771,9.046172086731865,21.362720494615303,90.81620797929358,12.681008876861908,0.0,0.0011525154229021072,0.01358562721486628,0.0015723407425758242,0.0009210407826021314,0.9901658395601666,0.002582550074653625,0.0005981624186250567,0.016485363409864007,0.0,0.9999999503953546,2.8014183324575423e-05,0.0
454631.8034539587,383190.84051932936,7.961154225177983,5.172349756956136,12.044000214113076,22.37405014581025,66.21433466961176,0.10052487255325405,0.0,0.0,1.00000001,0.0,0.0,0.0,0.0,0.0,0.0,0.0,0.0,0.0005621910151433944,1.00000001
33980.88670889262,35339.25649635737,4.984966971174162,6.931488403210799,7.104993853376083,23.696647649885673,75.42538285590948,1.2315037848014074,0.0,0.0,0.0,0.0,0.07463777139914869,0.9904015163279652,0.0,0.0,0.0,0.0,0.00014701485780864952,0.00014916062504202128,0.9999387364245581
1209558.0647892507,1085859.491462208,0.6371716263062641,1.8818847549639064,9.335678462659368,18.30449772296869,65.85179299402554,25.646255168355722,1.1026859393715857e-06,0.0,9.56654558211565e-05,8.94069680571556e-08,0.9944994549065422,0.0,0.024846107016115487,0.0,8.016824802458286e-06,0.007993072351277768,0.0024573803193736073,0.012442499523610174,0.9880650142294048
348499.12809984735,346429.4377122426,0.5084890605737034,1.0065885186289496,13.87576068108413,24.05667305588197,83.57283637304901,67.01003254248283,0.9403128717993688,0.5805540738940721,0.822079785938388,8.94069680571556e-08,0.0,0.0,0.0,0.0,1.2516975528001785e-06,0.9999744396071356,0.0,8.431077087789774e-05,1.3768673080801963e-05
37752.024737137595,44190.291203860106,0.5409530164638824,1.2296896282139465,10.945466642823517,18.260558132500858,94.37814623550156,10.727700890372647,0.0,0.0,0.0,0.0,1.00000001,0.0,0.0,0.0,0.0,0.0,1.00000001,0.0,0.0
418586.83532057825,319704.98291879887,21.379670484136316,6.695453294307321,11.468198066450427,21.62007904572112,68.80902052227245,0.0022064149382326004,0.0,0.9681322671428704,0.0,0.0,0.0,0.0,0.24448383098945498,0.0,0.0,0.0,0.0,0.005430042797983288,1.00000001
109548.82006110206,153731.98005106652,0.4557727338423318,1.1819578113771119,14.772406704307734,15.381141665841763,104.47982863076255,43.18517417223683,0.0003628134763759374,0.0,0.0,0.007907211859620213,0.0,0.0,0.0,0.998546312304036,0.0,0.9419611190578252,0.0,0.0001397430910733342,0.159285785360558
89257.61518220317,127860.98006848297,11.328801158917631,3.703511063146369,16.662712820358333,18.44747639122626,120.57689637512786,0.003252625465775728,0.0,0.0,0.0,0.9999999503953546,0.0,0.0,0.0,0.0,0.0,0.0,0.0,0.00012633204586476088,1.00000001
375785.64866199554,324677.97174245416,9.24422722175098,6.681507714758591,11.160488253185918,20.987952237357078,99.359543477111,0.14675825836000858,0.0,1.1920929074287414e-07,0.0,0.0,4.529953048229217e-06,8.94069680571556e-08,0.0,0.9999947051865619,1.1920929074287414e-07,0.0,0.0,0.013921111961339412,1.00000001
665921.1979527568,343367.17379670916,17.610723501432968,6.025243527915614,14.90399766678037,24.468324667338734,63.34658026968824,0.006061941385982334,0.0,1.00000001,0.0,0.0,0.0,0.0,0.0,0.0,0.0,0.0,0.0,0.012629151470590828,1.00000001
312100.45271317527,262300.07764943165,11.510517624929033,2.2125822024978703,9.269148234966554,22.068141942589655,68.92282039229246,0.12962117792700797,5.960464537143707e-08,0.00015014410169064996,3.2782554954290387e-06,4.291534466743469e-06,2.622604396343231e-06,0.0018982291411441562,0.9974687199203658,0.0002635717418324947,0.0004588365600693226,0.0,8.821487514972686e-06,0.0009546578025916218,0.9999954800469517
127154.04883795041,85499.51789729609,12.52240221923451,7.596116015797382,11.623014276794077,21.443658833873997,91.74726665439206,0.049402415758222934,0.0,0.0,0.0,0.0,0.0,0.0,0.6979519794641083,0.6190438928519684,0.0,0.0,0.0,0.0028982758811861276,1.00000001
67544.87240651378,48932.381960297294,0.47254414574374975,1.0006546378145034,7.478662494405994,21.14488983658825,28.703951836591504,75.29556901148662,1.00000001,0.0,0.9999970893723767,0.0,0.0,0.0,4.798173952400684e-06,0.0,0.0,1.00000001,0.0,2.9802322685718535e-08,0.0
117247.63673548715,94848.11189851836,17.930269533492826,3.765169684068803,15.380984552078306,24.606708532738423,58.62657055508118,0.002989172935837507,0.0,0.6544336145994508,0.0,0.0,0.0,0.8500739421021187,0.0,0.0,0.0,0.0,0.0,0.0035610199330711363,1.00000001
784226.3972112418,831998.8718706598,1.152015686424351,1.414182752962524,11.412988191317325,20.854382519908107,104.57446814068372,30.75989157323322,0.0,6.315112177103758e-05,0.99591524404805,0.021696716763979492,2.157688162446022e-05,1.6391277477145194e-06,5.999207556635141e-05,7.10785396054387e-05,0.0017082989386680721,2.384185814857483e-07,0.9999993543489009,5.0812960179150104e-05,1.1920929074287414e-07
1588212.1154791096,1190787.9063694254,3.7591189635578757,7.718522856296651,12.655958896941565,17.382039073998783,129.23938990250767,24.8622407048388,0.0,0.9909250835329079,0.0,0.0,0.022809505690741538,0.0,0.0,0.0,5.960464537143707e-08,0.0004643797920888662,5.960464537143707e-08,0.0032519102421748637,0.9995254378135525
663111.4802194176,421162.2880846943,1.9941889769615544,1.1657612624152227,13.922238714172057,21.76265526341704,27.608800978371505,16.87037781079403,0.0,0.0,0.9999965529305684,0.0,0.0,0.0,5.0812960179150104e-05,0.0,1.0728836166858674e-06,0.0,1.00000001,3.576278722286224e-07,0.0
256855.21872132222,217748.5559910599,11.366738847757961,2.2062936740465036,11.317109411383516,19.797153477524503,58.32937866697199,0.008496344090507625,0.0,0.0,0.0,0.0,0.0,0.0,0.9999997715814185,0.0,0.0,0.0,0.0,0.0005518198068487644,1.00000001
1270603.874105632,1316167.2929445284,0.346894407389533,1.3125574295217517,11.317327206755628,21.445022588146884,103.94597694759538,45.82009971680875,1.3113021981716154e-06,0.9978432755118799,0.00015181303176105022,0.0005160570196259021,9.733438589155673e-05,0.0022862553825122116,0.0007537603453671932,0.00014829635768413542,0.0028041601461446285,9.343028161972761e-05,0.9999629359105789,0.0025364756837815043,2.4706125506460666e-05
84580.96422258626,86251.75949523284,4.058775187909904,2.926996293436598,13.019572025776823,21.448957448377605,60.02003491181348,26.788038167528743,8.887052624881267e-05,0.0,1.00000001,0.0,0.0,0.0,0.0,0.0,0.0,0.03458079730282396,0.0,5.90085989177227e-06,0.9047151894441854
468239.8420960064,508217.10929840116,20.055408198456387,6.158765025355962,10.06750908973401,21.52461433927039,132.550569779005,0.0773739814849329,0.0,4.231929821372032e-06,0.0,2.9802322685718535e-08,0.9995825390638184,0.0014396011973336338,0.0,0.0,2.0861625880002974e-07,0.0,2.9802322685718535e-08,0.0018115937890967725,1.00000001
2706294.906332643,1947389.484802503,14.457270221826047,7.893767605139377,11.445870285716223,22.184288030272434,52.65732512096769,0.35114422444659976,0.0,0.9999982814652841,0.0,0.0,2.801418332457542e-06,0.0,0.0,0.0,0.0,0.0,0.0,0.004852891016851663,1.00000001
366578.0786037069,352806.3909491253,12.921428088738823,3.8523387353636793,15.777382142904274,18.490184788151232,29.87810939652339,0.11084258557669996,0.0,0.0,0.0,7.718801575601101e-06,0.0,0.0,0.9999930362564915,0.0,0.0,0.0,1.0430812940001488e-06,7.918477137595415e-05,0.9999997715814185
103231.28798176303,60263.05358063886,7.264409329961212,1.8769701731812203,14.481014020186127,15.552348140199465,64.64060485643215,4.140883535633876,0.0,0.0,0.0,0.0,0.0,0.0,1.00000001,0.0,0.0,0.0,0.9999998907907092,4.47034840285778e-07,2.9802322685718535e-08
95888.60121308935,67250.5846388794,6.986100223040406,4.17283004975585,13.071021801497123,19.57958507993454,62.73764461549365,0.13220503927832514,0.0,0.0,0.0,0.0,0.0,0.0,1.00000001,0.0,0.0,0.0,2.562999750971794e-06,3.3706426957547664e-05,0.9999994139535462
212919.48529875668,195043.6372504732,0.824314189235699,1.7121166001002561,8.523719165807801,18.26803780016677,71.43683165626874,66.1368241983974,0.9675983883342784,0.0,0.8753796307363706,0.0,0.43666029413100715,0.0,0.0,0.0,2.384185814857483e-07,0.9988612036455332,0.0,2.4884939442574975e-05,0.000687599189004898
196964.64189343122,211411.87971026334,2.4857628353887353,1.098530501268001,16.78728926981188,22.94803047741052,96.93332583157986,14.0044930593754,0.0,2.6822090417146684e-07,1.4901161342859267e-07,0.9999969105584406,0.0,0.0,0.0,0.0,1.0937452425658702e-05,0.0,1.00000001,0.0,0.0
97536.00485855712,100285.15375501112,15.235998492619832,5.891742892100966,16.39050365274824,17.676512722162094,104.48083401210836,0.01909017563090801,0.0,0.0,0.0,0.0038187802219799157,0.0,0.0,0.9994832377246295,4.67896466165781e-06,0.0,0.0,0.0,0.0012402236585661768,1.00000001
25407.119795200844,25831.46435405317,4.294987274667257,7.833699474560401,6.979247066721812,23.102863317424724,117.80642569617947,0.9851756693091708,0.0,0.0,0.0,0.0,0.9999880890709256,5.7846308332979674e-05,0.0,0.0,0.0,0.0,0.0,4.786253023326397e-05,1.00000001
1505274.2871079731,1236887.6603311435,21.276023299729353,5.552060133761244,12.08712494948899,25.47091293974677,40.083706380479526,0.003460347652842402,0.0,0.9018552393499731,0.0,0.00036269426708519456,0.0,0.0,0.23079076640130666,0.0,5.662441310286521e-07,0.0,0.0,0.0024888515721297262,1.00000001
68634.13420603404,50760.29605784543,20.160659129278077,4.133872006840165,15.79166901863587,20.317853932399135,57.16161951664546,0.005745291710575818,0.0,0.0,0.0,0.0,0.0,0.2295405589646408,0.0,0.9706628419667601,0.0,0.0,0.0,0.0008787810890337824,1.00000001
649959.2729480503,686066.7795920395,1.0483958486284188,1.9610195769687409,9.931196098288407,21.783025746821846,71.44786179380822,48.186232751316396,0.29629570542038497,0.00024738908061414956,3.87430194914341e-07,1.1920929074287414e-07,1.281499875485897e-06,0.0,7.510185316801071e-06,0.9998999934050666,1.972913761794567e-05,0.33877623419983505,0.0,0.002208203099398315,0.5856281577498972
78478.48913497459,40052.52839628463,19.93516956049157,1.4974010295821092,14.411271936603416,13.027902605658134,120.5203276929312,4.417756945414526,0.0,0.0,1.466274276137352e-05,0.0,0.9999970297677314,0.0,0.0,0.0,0.0,0.0,1.00000001,0.0,0.0
152440.94936436674,186782.3474560079,6.384014298688439,1.8077788364506007,17.21052701100692,16.26165962571165,125.28628856534893,1.6302239896784854,0.0,0.0,0.0,0.99980826185584,0.0,0.0,0.0,0.00046232343182355163,5.960464537143707e-08,0.0,0.9999913077217757,4.827976275086402e-06,2.23517420142889e-06
2210250.300851715,1552917.4977173714,15.055249743779472,3.0021674065582067,11.74608994089611,20.00389767161987,152.88792342680316,2.348271459617316,0.0,0.9995021323972123,5.960464537143707e-08,0.0007466971948906779,2.413988137543201e-06,0.0,0.0,1.6123056572973727e-05,7.390976026058196e-06,3.576278722286224e-07,0.22432828173852204,0.0051526129761019345,0.6921495864464896
195281.64389318018,184268.33624444038,9.303288844390563,3.8619150560255533,16.541783817538906,14.522189143295508,125.5664238392967,0.46060875063593054,0.0,0.0,7.659196930229664e-06,0.9997373919324933,0.0,2.9802322685718535e-08,5.960464537143707e-08,0.0005389154011258483,6.854534217715263e-07,0.0,0.9387178514892291,9.268522355258464e-06,0.03556415474216193
131490.03759576697,199227.75327906164,9.338676241214957,1.9548207535078896,17.999600895869822,17.002603534634602,72.77845204198437,0.011265128852262198,0.0,0.0,0.0,1.00000001,0.0,0.0,0.0,0.0,0.0,0.0,1.788139361143112e-07,8.076429447829723e-06,1.00000001
1946054.6500934467,1684885.638763948,19.160302454745782,5.822812325691611,12.29121173013427,17.894665722108197,118.96074295602719,0.6236782670754796,0.0,0.9577753639631295,0.0,0.0,0.12297633413267164,0.0,0.0,0.0,0.0,0.0,0.006183713736382424,0.0012762844690158961,0.99735547109416
154112.20681827568,104273.44044538753,21.499628598800864,3.342370453842917,14.973730988480293,23.149063116023147,136.8521142070973,0.01594394445606887,0.0,0.001662462966377437,0.0,5.960464537143707e-08,0.0,0.999853024944514,0.0,0.0,0.0,0.0,0.0,0.005106329968971013,1.00000001
329857.5631609576,246862.02454614858,3.2572927724398535,7.944124231721935,8.627821598585186,18.174737934414956,99.05019984105923,0.38046851758664635,0.0,0.0,0.0,0.0,1.00000001,0.0,0.0,0.0,0.0,0.0,0.0,3.996491472154855e-05,1.00000001
436149.9472168977,294128.2477662414,4.389695645861668,7.341190287588964,8.818846289542622,22.6010665948558,75.77980012038917,0.6108476222280076,5.960464537143707e-07,6.973743508458137e-06,5.960464537143707e-08,0.0,8.94069680571556e-08,5.960464537143707e-08,0.9999744396071356,0.0,5.662441310286521e-07,0.0,0.0,0.0012118816496920586,1.00000001
844979.6246584619,634375.1258219801,1.5787057405083222,2.716876539060423,13.011633759972566,20.877656941607277,52.9271450660785,12.647013367710265,0.0,0.9185649248426926,0.0,0.0,0.0,0.0,0.2573722030627662,0.0,0.0,0.0,0.9999986986978018,3.4719705928862096e-05,1.0430812940001488e-06
1472804.5948725904,987375.9103514843,13.71916578279495,4.665689712039068,13.016403979300858,15.702524188525203,99.39279079895681,8.847908825723165,0.0,0.9930626253252184,0.0,0.0,0.016672641205621064,0.0,0.0,0.0,1.788139361143112e-07,0.0,0.9999995927674823,1.9758939940631387e-05,5.960464537143707e-08
36134.43835222129,39398.20146745389,4.442185260366095,4.594447677502021,11.703320687621808,24.4530563415283,68.25567141474016,0.038003027443588376,0.0,0.0,3.66568569034338e-06,0.0,0.0,0.9999989967210287,0.0,0.0,0.0,0.0,0.0,0.0004844367552563548,1.00000001
197662.36579033523,65891.93180124888,2.8138445386856086,7.885631988348427,11.615482812690606,19.069610600099878,83.88383046171471,6.171611101161329,5.960464537143707e-08,0.0,0.0,0.0,0.0,0.0,1.00000001,0.0,0.0,1.1920929074287414e-07,0.0,0.0001254379761841893,0.9999998907907092
338194.65556902223,254469.50823449116,2.390675140234846,1.3394322102150515,10.957509224864316,19.331343655296415,77.66250163663715,28.41896385288793,0.0,2.6822090417146684e-07,2.9802322685718535e-08,5.960464537143707e-08,0.0,8.94069680571556e-08,0.9999917845589387,0.0,1.6778707672059534e-05,0.0,1.00000001,1.6093254250288008e-06,0.0
539128.7018361791,370811.579180193,4.79469278020717,1.3337974851131604,11.000751619809071,21.440736775767615,44.64834690271678,1.7877382042127024,0.0,0.0,1.00000001,0.0,0.0,0.0,0.0,0.0,0.0,3.2782554954290385e-07,0.3783152737302047,2.112984678417444e-05,0.1327179385582432
670339.5568928467,858593.4682022395,3.45054950830684,2.5187870583773524,13.873009449889276,20.349839215307078,63.724894228352504,3.740309030257617,0.0,2.6822090417146684e-07,0.00013905763765156268,0.9998412828293758,2.9802322685718535e-07,1.788139361143112e-07,0.00011923909306555986,5.960464537143707e-08,2.4527311570346353e-05,0.0,0.39263564740856466,0.0002421438718214631,0.7252464366958237
410882.24155196134,365966.539135139,19.434084374317646,4.218056385345973,13.423876589968526,22.267196660669438,80.64069107537134,0.002604126930543184,0.0,5.275011115372181e-05,5.066394856572151e-07,0.9997626046974855,5.066394856572151e-07,0.00017347932035356758,1.5586614764630793e-05,4.47034840285778e-07,8.34465035200119e-07,0.0,0.0,0.00037506223099976777,1.00000001
102000.95326825872,84186.35024283183,2.0448093182796203,1.002155005934933,15.439900703629952,23.24797630880308,70.54406464410366,75.83754659591241,0.9999996523721277,0.9998889069410276,1.4901161342859267e-07,0.0,0.0,0.00043258071378320453,0.0,0.0,6.258487764000893e-07,1.00000001,0.0,4.380941434800625e-06,0.0
836467.1694867791,854184.8775864985,2.3969472177973894,1.6325887450672114,10.284630422721236,21.18441963701564,99.5861145899938,9.894658924313186,5.960464537143707e-08,0.0034665763724800944,0.005140781453995704,0.9740414716849947,0.011198610179353653,0.002530485416921675,0.0012638867027786372,0.0005733668861505389,0.00714370615473479,0.0,0.999919305310167,0.00016832351852893827,2.703070667594671e-05
2717563.2218107935,2236085.5048269145,20.97198720686846,6.54246539669268,10.144349550071045,19.282226566963196,148.91557455775254,0.1767791807859495,0.0,0.2889013319295406,0.0009878575900635123,7.74860389828682e-07,0.31457954959736406,2.384185814857483e-07,2.9802322685718535e-08,0.3401642475765997,1.689791696280241e-05,0.0,0.0,0.016374051734632848,1.00000001
96516.81362133277,79001.56018458557,10.133177331533112,7.042744287540268,13.498462743034437,20.467432980602617,77.92749226441639,0.04191935062901616,0.0,0.0,0.0,0.0,0.0,0.0,8.94069680571556e-08,0.9999998907907092,0.0,0.0,0.0,0.003388673100979626,1.00000001
64510.59342964658,53864.39939758905,15.623327069792312,5.695312327893655,12.549374347940615,22.50731278012924,46.50379270502369,0.050656348472832735,0.0,0.0,5.90085989177227e-06,0.0,0.0,0.9998321037139886,3.576278722286224e-07,0.00014540553238362073,2.9802322685718535e-08,0.0,2.9802322685718535e-08,0.0011023581138220428,1.00000001
233120.49296448744,216856.9075149456,0.8072304966792683,5.377084917122577,7.909580651711871,19.79148483738601,70.59279948783708,3.9862318341653333,0.0,0.0,0.0,0.0,0.9999991755349648,0.0,6.854534217715263e-07,0.0,2.6822090417146684e-07,7.74860389828682e-07,6.854534217715263e-07,0.0022319257482561468,0.9999986986978018
171021.57527700448,102238.23891005115,9.981368354354752,7.536813089649126,11.607731049819941,20.967021947128366,66.5275022416493,0.011495649815958141,0.0,0.0,0.0,0.0,0.0,0.0,1.00000001,0.0,0.0,0.0,0.0,0.000768601902064681,1.00000001
37092.504205315156,20110.574121694583,0.7576828482326585,1.0188643336565573,14.572753436352249,18.31910133778038,64.30419147293101,43.647518163093984,0.0006202459397351742,0.0,0.0,0.0,0.0,0.0,1.00000001,0.0,0.0,0.9997750620683681,0.0,7.74860389828682e-07,0.0005417764241036772
433652.1925720782,372779.24737105734,5.5918553132828785,2.6117573105472154,11.15770197445992,18.749677662377827,117.58541614368936,12.672826649249403,0.0,3.725290335714817e-06,0.07749146300559699,2.503395105600357e-06,7.74860389828682e-07,0.9838782647292243,1.4901161342859268e-06,0.008022308429832458,7.602572517126798e-05,0.0,0.9999801020484459,0.0002065897008574009,4.798173952400684e-06
455937.79946611234,412594.58093034936,2.083720017183452,1.0546311736887317,8.895073418084626,21.676584248985847,116.10211253710312,70.06114722122466,0.9999936919075906,0.0010042786698633431,0.0011811554550030827,8.90791425076127e-05,0.9988290171370326,1.0997057071030139e-05,2.9802322685718535e-07,4.7683716297149655e-06,0.00019249320222705603,0.9999975066048944,0.0,2.646446254491806e-05,7.74860389828682e-07
427464.1792182595,246689.28501465838,8.136008456117793,7.380277046735226,11.147917454782867,20.501600270347183,69.5860117704431,0.8172348142631679,0.0,1.6987323930859565e-06,0.0,0.0,0.0,0.0,9.536743259429931e-07,0.9999984602792202,0.0,0.0,0.0,0.005530148799884617,1.00000001
233404.12965548312,236688.7945905761,0.38530139936112645,1.0039157271441133,12.120818143894377,21.305746083586758,46.49474427291149,68.51331294388955,0.9996947150064074,0.0,1.728534715771675e-06,0.0,2.9802322685718535e-08,0.0016849637200051545,5.513429696857929e-06,0.9996047119918966,1.5497207796573636e-05,0.999998579488511,0.0,4.172325176000595e-05,8.046627125144004e-07
88175.24862418543,67211.34932820925,0.5190007449949793,1.0165044665572387,13.180537826138814,18.47554302636687,56.814954730288875,66.83433503698807,0.9340772126145451,0.0,0.0,0.0,0.0,0.0,0.0,1.00000001,0.0,0.9999884466987978,0.0,5.90085989177227e-06,6.7055226042866705e-06
251732.05428494728,281362.8831928997,11.463349131642223,1.725503296696452,15.791934378514537,20.87890053291626,84.44263652348806,0.015683025123533905,0.0,8.94069680571556e-08,0.0,0.9999997715814185,0.0,0.0,0.0,0.0,0.0,0.0,2.9802322685718535e-07,8.31484802931547e-05,1.00000001
72854.02200557837,48416.59387179739,12.99101903877454,5.4443682495665655,10.242918853868975,19.612836842335067,44.51359093366232,0.017560124399343728,0.0,0.0,0.0,0.0,0.0,0.0,1.00000001,0.0,0.0,0.0,0.0,0.00033614039757221936,1.00000001
959845.5892702154,1021920.865320847,6.698462393162653,6.125143177678384,8.882537667212722,21.655872350175663,122.29629606584409,1.2670318783820185,0.004417181059186459,0.11831292628345579,0.11118984333601951,0.035192519778271016,0.8653261748062158,0.011399775857482254,0.004447579428325891,0.0015850067297172546,0.00363895300689429,0.0,0.0,0.007326364590475559,0.9999998907907092
2675125.8057309384,1548958.2034910743,14.080670337665614,7.414953240975742,15.078297801045347,20.208791737540835,106.71500057478015,0.01739293337072909,0.0,1.00000001,0.0,0.0,0.0,0.0,0.0,0.0,0.0,0.0,0.0,0.004130005877786874,1.00000001
120175.6917216398,102841.87242863553,8.843038323528896,5.1634380876891015,13.485491401418306,17.530148510080224,92.07051128569907,0.007374137640866934,0.0,0.0,0.0,0.0,0.0,0.0,0.0,1.00000001,0.0,0.0,0.0,0.0038295388604694604,1.00000001
52432.18025388844,35863.89857089345,10.958184007532045,5.837458855863902,9.785320137630487,19.123453144672368,51.62556559060892,0.06179228425752908,0.0,0.0,0.0,0.0,0.0,0.0,1.00000001,0.0,0.0,0.0,0.0,0.00015300512466847897,1.00000001
761060.435699426,727306.9104728794,15.886375003459671,4.656583195187984,12.169099873138713,24.280778890912938,77.50560403216362,0.06343632937223971,0.0,0.013547152416279016,5.960464537143707e-08,0.9975596170045572,2.9802322685718535e-08,4.172325176000595e-07,3.0457973784804342e-05,5.960464537143707e-08,2.0861625880002976e-06,0.0,0.0,0.0010156631571292876,1.00000001
1100852.7189231843,889770.0891113278,3.7709424031599537,3.7477007845553985,12.654563254183484,21.91365624002673,62.613372507409274,10.202189089067994,5.960464537143707e-08,0.7892128308062517,0.4561214194610402,0.0,0.0,0.0,0.0,0.0,8.94069680571556e-08,3.9398670590519906e-05,2.0265579426288605e-06,0.0053902268948751685,0.9999235968446337
111386.86781622068,127611.67959891519,1.2803745035682401,1.0149250328754016,18.294430741438685,23.7937393247207,153.43990684291194,36.53256714773819,0.0,6.854534217715263e-06,0.0,0.9999968509537952,0.0,0.0,0.0,0.0,1.4901161342859267e-07,0.0,1.00000001,0.0,0.0
23960.050869063158,20195.468223100324,2.9923676262474466,2.3916978259894517,17.197590716921933,16.49890613915249,107.70669013762856,0.779125392528643,0.0,0.0,0.0,0.0,0.0,0.0,0.9999998907907092,5.960464537143707e-08,0.0,0.0,0.9729259111422228,1.1026859393715857e-06,0.023159086935845015
182637.4481984582,177832.1828264138,5.018216039445588,3.058541360458016,9.982475017294377,16.61363983517223,156.439337141871,11.960777790761474,0.0,0.0,0.0,0.0,0.002325922274006903,0.0,0.0,0.9995675186931848,0.0,0.0,0.9999998907907092,3.6060810449719427e-06,0.0
53844.77297251351,32125.60678036217,7.5774159933894065,7.614551017197009,17.573311516070117,19.04088783702938,53.93953502403523,0.012367069722676873,0.0,0.0,0.0,0.0,0.0,0.0,0.0,1.00000001,0.0,0.0,0.0,0.000854790219271779,1.00000001
36779.236611646455,23694.355175516033,7.919938471608761,4.519511883518322,13.860362297936232,15.94933510168827,54.659951778556355,0.009575486184293032,0.0,0.0,0.0,0.0,0.0,0.0,1.00000001,0.0,0.0,0.0,0.0,8.144974790006875e-05,1.00000001
367643.85931054293,363309.4752864379,13.13565791097001,5.717100627008491,17.27007401811917,17.403013233246057,120.52108318180377,0.045848339801460206,0.0,0.0,0.9930559496049368,0.11575248953223496,0.0,0.0,0.0,0.0,0.0,0.0,0.0,3.1262636497318745e-05,1.00000001
320678.69221594976,295693.3200038134,10.801623777224027,3.8658136766365914,10.643415754141323,21.190626149468752,78.12133908621131,0.11408761145026594,1.1920929074287414e-07,2.3841858148574828e-06,1.2516975528001785e-06,8.624792185246944e-05,2.2649765241146085e-06,0.00010171532732635736,0.9956765274433373,0.004135131877288818,1.138448726594448e-05,0.0,0.0,0.0050795376808765525,1.00000001
50000.58265591747,39896.45519145077,7.84622612264587,6.031017608677189,16.20266140278849,26.44612312987086,37.62104511402633,0.7063846290942581,1.4901161342859267e-07,0.1943836529619792,0.0,0.0,0.0,0.9847817519437646,0.0,0.0,0.0,0.0,0.0,0.00015875697294682263,1.00000001
206141.6492596546,189969.78242903322,25.290650471648387,7.995790968398528,13.461031979771985,24.139493948241835,105.17649397742075,0.06113111973528027,0.0,2.384185814857483e-07,0.0,0.0,0.999999056325674,2.3543834921717644e-06,0.0,0.0,0.0,0.0,0.0,0.00010690093147367239,1.00000001
1630522.8082016208,1003731.4794587129,17.91768656382305,1.9921931042540275,11.840959852611972,24.533130651856055,69.4331124455413,0.002768784761754572,0.0,0.9999978642327666,0.0,2.831220655143261e-06,0.0,0.0,2.9802322685718535e-08,0.0,3.2782554954290385e-07,0.0,0.0,0.0037203431501489875,1.00000001
219787.5185510269,300123.7851732909,4.575720526333755,3.645035091840908,15.5264355614211,13.098213198331473,153.55202139160085,0.16874387862283377,0.0,0.0,0.0,1.5199184569716453e-06,0.0,0.0,0.0,0.9999997715814185,0.0,0.0,2.9802322685718535e-08,0.004423320337659717,1.00000001
167939.40232537652,219525.95028593097,16.770744996968283,3.4393978749791474,13.629887229734136,19.61904907683408,71.28462389425799,0.013165026904701291,4.172325176000595e-07,9.536743259429931e-07,5.960464537143707e-08,0.7835222561033499,1.1920929074287414e-07,0.01914721746518433,0.2928493350226858,0.00016051530998528003,1.1086464039087295e-05,0.0,0.0,0.0014688372758883237,1.00000001
174728.97891082073,314219.3309428918,0.04294388295670778,1.0026239752806956,14.74744535194752,19.969274525551924,78.09848264208972,47.47745931707087,0.0,2.9802322685718535e-08,7.152557444572448e-07,0.9999704460958957,4.768371629714966e-07,0.0,1.0639429198801517e-05,2.9802322685718535e-08,0.0003326535258179903,0.0,1.00000001,0.0,0.0
852853.0586649515,809280.7589548035,4.982111455693156,2.3302960116793994,8.531788234005079,20.902719502650264,124.97628242367043,7.001395375360207,2.6822090417146684e-07,0.00012660026676893234,0.00073122978941679,0.00019365549281179903,0.9970806340743523,0.00022608041989386081,0.00012597441799253224,0.0005979538023662567,0.003073126108383238,9.238720032572745e-07,0.9970340828463172,0.0005484819467079639,0.001132190238830447
512058.356413029,383575.5548929799,2.938568020859703,2.71448976046395,14.034682459361862,17.7574634591869,128.16580534587303,9.955475927570463,0.0,0.0,2.9802322685718535e-07,0.0,0.0,1.0132789713144302e-06,0.0,0.9999988179070926,2.9802322685718535e-07,0.0,0.9971171121173197,0.0004082620184716582,0.001386851086179912
1205756.1777110621,530378.8099545327,7.575395872767996,6.801122435274012,12.141590064585268,15.186958316171706,46.77409500072237,41.082972441976615,0.47649807214397844,0.0482065682463479,0.0,0.0,0.0020465254988282916,0.0,0.8547605957630294,0.0,6.258487764000893e-07,0.4630365119984528,0.0,0.0001378059400987625,0.5014951279244971
162385.0057582762,85799.16456197156,9.442890647263653,1.144095421043253,10.806589548965423,19.44609165643091,147.01653123604567,17.199318560001124,0.0,0.0,0.0,0.0,0.9999994139535462,0.0,0.0,0.0,4.529953048229217e-06,0.0,1.00000001,0.0,0.0
1029010.2659190004,711487.7887549018,6.940127041300326,5.309612995582249,13.40881992024929,22.59248161865683,51.30851596805695,4.239739031098386,4.7683716297149655e-06,0.9968789915590608,0.014793485550995767,0.0,0.0,0.0,0.0,0.0,2.9802322685718535e-08,5.960464537143707e-07,0.0,0.0007132887911599874,0.9999988179070926
406542.15292081895,268777.2024538218,10.65573401811102,7.052564271990331,13.091364389931494,19.605989460741128,28.916215152518447,0.08749410511092513,0.0,0.0,0.0,0.0,0.0,0.0,1.00000001,0.0,0.0,0.0,0.0,0.0004334747834637761,1.00000001
435155.1688617498,377579.6702707917,13.218638996775327,1.9488768591131067,10.014711235762181,19.583177571085564,62.34269246727432,0.07646203041976213,0.0,5.960464537143707e-07,5.960464537143707e-08,2.9802322685718535e-07,3.2782554954290385e-07,3.576278722286224e-07,0.9999699692587327,1.1920929074287414e-07,2.0265579426288605e-06,0.0,4.768371629714966e-07,0.0016438365146988628,0.9999998907907092
403104.7818528718,393847.9147706438,3.014401937549446,2.721825125293002,12.060507601282193,21.955097203784796,75.3116062317009,1.3464146854077303,0.0,1.1920929074287414e-07,0.999970982537704,3.844499626457691e-06,1.1920929074287414e-07,7.838010866343975e-06,3.576278722286224e-06,5.960464537143707e-08,9.459257220447063e-05,0.0,0.08963164776788324,0.0001358687891241908,0.902049073656721
1012563.064998819,847542.131160961,10.646706107875426,2.11597368280572,10.84052306929866,24.952394491708755,63.290406766286466,0.17185211183662413,0.0,0.0003404021297162771,8.115172467321157e-05,3.87430194914341e-07,0.0,5.960464537143707e-08,0.9991346697584974,0.0,0.00022628903615266082,0.0,1.788139361143112e-07,0.0009467601870799064,1.00000001
528352.3711571273,493919.3107105228,13.247567300503668,2.6018797480102167,9.783839379439627,20.50412941463508,77.99215048900237,0.4083716869834685,0.0,0.004896611024231613,0.0,0.0,0.0,0.0,0.9954114059807252,0.0,8.642673578858375e-07,0.0,0.0034952462069037554,0.0004670620011305809,0.9981814722697174
249108.13535641946,153459.24255963825,3.3515141975281426,6.909395941593239,8.3224656025463,22.0710334831179,53.38998660667726,24.688992801232985,0.8126329860888236,1.281499875485897e-06,5.960464537143707e-08,1.1920929074287414e-07,2.9802322685718535e-08,0.03565350210557371,0.9942151407481205,0.0,1.3113021981716154e-06,0.0004216432613575458,0.0,0.00024235248808026312,0.9983825187385552
482020.26177561714,458449.5482193025,0.655797314865413,2.1809906082335315,11.092980449713677,25.20126343404727,40.83831191221073,60.773082680699424,0.8713234154095536,0.00011923909306555986,0.0,0.0,0.8087170204925656,0.7825012285281372,2.9802322685718535e-08,0.0,9.626150227487087e-06,0.9988516669022738,0.0,0.00012531876689344645,0.0010560453043684363
3004575.785774547,2047815.7346141064,19.157214934145372,6.714449890670824,14.842462963973205,21.340831761698308,95.13635486800962,0.006487518549728691,0.0,1.00000001,0.0,0.0,0.0,0.0,0.0,0.0,0.0,0.0,0.0,0.0026564300325915215,1.00000001
85356.77207055937,68897.25243403981,1.1144996646831609,1.1284915508675346,11.915165489625457,17.98681927133133,44.176544101798804,45.92757314983912,2.381205582588911e-05,0.0,1.00000001,0.0,0.0,0.0,0.0,0.0,0.0,0.9956963161856007,0.0,8.34465035200119e-07,0.0019735098082482813
1019332.3285755126,729890.3647121817,11.712950472020433,4.306250994160319,13.425068206027442,23.995294576858882,79.82845336556902,0.00977560877914995,0.0,0.9999975066048944,4.47034840285778e-07,0.0,0.0,3.576278722286224e-07,0.0,0.0,5.364418083429337e-07,0.0,0.0,0.004086077254148126,1.00000001
2620555.559974819,1039305.9273142433,17.49654169673741,7.640189537951256,17.45865727302312,22.17280197680205,72.64597416245334,0.00023305416109919546,0.0,1.00000001,0.0,0.0,0.0,0.0,0.0,0.0,0.0,0.0,0.0,0.0005807280598539114,1.00000001
53024.425591591666,34191.01603276317,13.578832678613933,7.093579479816411,9.930527691801577,21.06235886122066,46.42812177725683,0.019741207363543806,0.0,0.0,0.0,0.0,0.0,1.281499875485897e-06,0.9999988775117379,0.0,0.0,0.0,0.0,0.00030288100545495747,1.00000001
362291.66104155715,252659.3021090154,1.9037413841957074,5.218284970587583,10.83246589222802,20.729719166902843,88.47147852584807,4.773200005854445,2.9802322685718535e-08,0.0,0.0,0.0,0.0,0.0,0.9999996523721277,0.0,2.9802322685718535e-08,5.960464537143707e-07,0.0,0.0035972893597796558,0.9999997715814185
30588.98696328643,15791.217796592722,7.9280127790532005,1.7058284888814037,13.605356461327984,18.253302578299373,36.74463153022589,0.7576844097075169,0.0,0.0,0.0,0.0,0.0,0.0,1.00000001,0.0,0.0,0.0,0.9999950032097887,0.0,8.642673578858375e-07
2113566.901724237,1421964.7873438462,18.976836687777062,3.5690374411090184,10.873920863084399,20.61934853088202,107.71135092282701,0.2541860938371247,0.0,0.9999597172597289,0.0,1.3977289339601993e-05,5.960464537143707e-08,0.0,0.0,2.1189451429545878e-05,7.74860389828682e-07,0.0,0.017773896633503733,0.003241062196717262,0.9856708744387703
1056635.2123884074,1059548.7435064942,6.0502198001320675,2.825691195950339,10.892496054591048,20.944785123085772,107.381562595593,0.6968699396476432,0.0,0.0013248920573163032,1.4305114889144897e-06,1.2069940687716006e-05,4.172325176000595e-07,0.0,4.47034840285778e-07,0.9996714691947126,9.685754872858523e-06,0.0,1.1712312815487385e-05,0.008374750697913765,0.9999957780701786
282365.1896282391,252956.34466015082,9.360138037982766,7.560252795054468,6.804275396726155,21.199626927669804,84.8392739930385,0.03628298640678018,0.0,0.0,0.0,0.0,0.9999987583024471,0.0,2.9802322685718535e-08,2.9802322685718535e-08,0.0,0.0,0.0,0.0005357861572438478,1.00000001
35006.2277561057,28056.5925702441,11.293742803574366,7.878054628661242,11.873177295616664,26.15734863942417,67.3558667331545,0.07744491101222395,0.0,0.0,0.0,0.0,0.0,0.9999998907907092,0.0,8.94069680571556e-08,0.0,0.0,0.0,0.0014522373821523784,1.00000001
136670.22754294655,91654.25344542756,6.733798625359954,3.7569018045709077,12.16175115687621,21.22020531207565,57.94810667879898,0.08171334863670378,0.0,0.0,0.0,0.0,0.0,0.0,1.00000001,0.0,0.0,0.0,0.0,0.0002117455026820302,1.00000001
318556.6350540786,283868.04041843105,2.109810448405645,3.922968481186396,11.473873263100774,19.929347996608783,78.48138183706519,2.467572391323475,0.0,0.0,1.00000001,0.0,0.0,0.0,0.0,0.0,0.0,5.662441310286521e-07,0.0,0.0001780092734017968,0.9999975066048944
160575.2844006815,99128.23291295007,9.414778331122564,7.4307371469812615,11.33247650209289,20.677868847977948,66.56099945596834,0.019384026529685256,0.0,0.0,0.0,0.0,0.0,0.0,1.00000001,0.0,0.0,0.0,0.0,0.0003919005433171987,1.00000001
353025.015535801,421525.30151217774,9.776963904822804,7.475517878246406,13.01074004792838,23.991146093581218,94.25321162179047,0.5893154443003645,5.990266859829425e-06,0.00011941790700167416,3.576278722286224e-07,0.03589448368681043,0.5100613287433439,0.5537657197062057,2.622604396343231e-06,8.642673578858375e-07,4.7683716297149655e-06,0.0,0.0,0.0031923055968034264,1.00000001
1832474.7412008531,904726.5548172704,9.75091140599656,6.743012794115864,14.976438410261215,25.60836792636199,107.46930391096232,0.28205126527289803,0.0,1.00000001,0.0,0.0,0.0,0.0,0.0,0.0,0.0,0.0,0.0,0.0180377365962404,1.00000001
128857.54620483059,60050.03709306249,2.712308336220581,1.0154365599375947,12.263203745959556,19.205513004927504,52.393049301890954,18.733207585631334,0.0,0.0,0.0,0.0,0.0,0.0,0.9999999503953546,0.0,1.0132789713144302e-06,0.0,1.00000001,0.0,0.0
13680.923009706738,10647.5727322793,2.611229968953156,5.55585486347629,11.701554542391627,23.022195821671975,34.62164968378447,0.028501003983989654,0.0,0.0,0.0,0.0,0.0,1.00000001,0.0,0.0,0.0,0.0,1.4901161342859267e-07,3.993511239886283e-06,0.9999999503953546
307435.35594202206,419770.8234164591,1.2363808636073936,6.305667169521053,12.581171220571571,19.759016995273814,124.47627664199425,11.236605049501579,0.0,0.0,1.00000001,0.0,0.0,0.0,0.0,0.0,0.0,2.7894974033832548e-05,2.682209041714668e-06,0.00044065714323103424,0.9999004106375843
1530009.0092405523,1533857.122679874,2.772307682973944,1.802085490180489,9.91749126191332,23.568464284977452,51.409164520241454,11.19709730280046,2.643466022223234e-05,0.005281060986877382,0.42987701726683347,0.0027863979618239403,0.00035989284875273704,3.832578697383404e-05,0.6993850539527737,6.771087714195251e-05,0.004338949962136447,4.7683716297149655e-06,0.11765113590589672,0.005379110628513395,0.9462280368060302
830083.294002713,836057.2960190483,0.03815293313361705,1.0000665485859868,10.871756678036219,25.35189629237071,37.91647613191715,73.60350967319475,1.00000001,0.005628675278683603,0.016737729478366672,0.061218292133255296,0.002656459834914207,4.5597553709149356e-05,0.8976436943173182,6.839633056372403e-05,0.03822493591386556,1.00000001,0.0,4.714727448880672e-05,0.0
1382301.7547837936,1078659.811954238,23.977529724592216,7.43947190966235,14.181703097420916,17.801144603914906,147.53784180392822,1.2671610714495842,0.0,0.6457685892785782,0.33409324622461467,0.0,0.000679552561879754,0.0,0.0,0.0,0.0,8.94069680571556e-08,0.0,0.0004788339185914397,0.9999998311860638
1051880.1047619646,1010186.5561017971,1.8602232224073236,1.9062763763499935,11.528787737614229,23.06290245620618,83.06498513000386,17.079457791668847,0.011726319907149672,4.088878672480583e-05,0.9268767926397394,0.3587426579110044,8.94069680571556e-07,9.238720032572745e-07,0.00012475252276241777,0.0006229579510995746,0.0005148351243957877,0.0025113821280801293,3.397464786171913e-06,0.0034134984357768296,0.9954229692819273
1861036.3223673326,1563882.2045815508,6.616059114783984,2.5006259701231826,10.127255742604028,21.24384689838675,114.01015222605987,1.365471929472396,0.0,0.9246593806226313,8.94069680571556e-08,1.4901161342859267e-07,2.0861625880002974e-07,0.0,0.0,0.41724342525016245,2.0265579426288605e-06,1.788139361143112e-07,7.629394607543945e-06,0.0415768627509737,0.9999973873956036
132089.92360648653,67826.78816150854,0.6083491804270811,1.9283252371698374,12.42787957783271,18.718396191115612,71.91093579252163,37.530649457816935,0.004523783967433273,0.0,0.0,0.0,0.0,0.0,1.00000001,0.0,0.0,0.19372427657255767,0.0,3.534555470526218e-05,0.7967151483098638
304847.7767997913,240584.3748389266,10.96062932384757,4.206201766541271,11.207439427944298,17.749500278642422,70.1205724508599,0.34558385614646137,0.0,0.0,0.0,0.0,0.0,0.0,1.00000001,0.0,0.0,0.0,1.1473894234001636e-05,0.0007651448326331376,0.9999982218606388
228233.07124434743,210878.0364345524,5.639393426892994,4.8756265099578435,11.147122626844409,21.605247502747734,105.80066726102973,13.40591117897394,0.00846165427086532,6.854534217715263e-07,8.663535204738378e-05,1.1324882620573043e-06,7.450580671429634e-07,0.9994937281422149,3.576278722286224e-07,0.00957384715117365,3.874301949143409e-06,0.00012534856921613216,0.0,0.003332644734330475,0.9997648696740096
85047.04527658116,58478.88859056362,8.711416438184745,7.199859031951119,13.841052359973089,18.79430103733074,99.95704800351837,0.00730827450838238,0.0,0.0,0.0,0.0,0.0,0.0,0.0,1.00000001,0.0,0.0,0.0,0.0016467273399993776,1.00000001
614362.3091544554,726089.4005891198,0.23446102150254966,1.0460082293214024,8.120479796223387,21.92269516520045,66.96773141914686,68.50763351531145,0.9999958376748239,0.0020519495215570926,0.7439971640599972,0.005868107139140665,0.003561377560943365,0.561353450666635,0.04234126252553969,0.006900757620200812,0.013315498962042926,0.999916086659317,7.152557444572448e-07,0.0015712082543137668,1.630187050908804e-05
464192.89440766047,418719.80319169356,9.463993409493073,6.308082111312222,7.113518539478241,20.548860554785776,103.12953755737102,0.10711878539391934,0.0,1.1920929074287414e-07,2.9802322685718535e-08,0.0,0.9999959568841147,1.1920929074287414e-07,1.1920929074287414e-07,0.0,4.47034840285778e-07,0.0,0.0,0.0010518729791924356,1.00000001
